[{"model": "admin.logentry", "pk": 1, "fields": {"action_time": "2022-05-30T10:08:23.452Z", "user": 1, "content_type": 10, "object_id": "1", "object_repr": "Brooklyn Conservatory of Music", "action_flag": 1, "change_message": "[{\"added\": {}}]"}}, {"model": "admin.logentry", "pk": 2, "fields": {"action_time": "2022-05-30T10:08:41.365Z", "user": 1, "content_type": 10, "object_id": "1", "object_repr": "Brooklyn Conservatory of Music", "action_flag": 2, "change_message": "[{\"added\": {\"name\": \"round\", \"object\": \"Brooklyn Conservatory of Music at 15:30:00\"}}, {\"added\": {\"name\": \"round\", \"object\": \"Brooklyn Conservatory of Music at 16:30:00\"}}]"}}, {"model": "admin.logentry", "pk": 3, "fields": {"action_time": "2022-05-30T10:08:48.234Z", "user": 1, "content_type": 10, "object_id": "1", "object_repr": "Brooklyn Conservatory of Music", "action_flag": 2, "change_message": "[{\"deleted\": {\"name\": \"round\", \"object\": \"Brooklyn Conservatory of Music at 15:30:00\"}}]"}}, {"model": "admin.logentry", "pk": 4, "fields": {"action_time": "2022-05-30T10:08:54.118Z", "user": 1, "content_type": 10, "object_id": "1", "object_repr": "Brooklyn Conservatory of Music", "action_flag": 2, "change_message": "[{\"added\": {\"name\": \"round\", \"object\": \"Brooklyn Conservatory of Music at 15:30:00\"}}]"}}, {"model": "admin.logentry", "pk": 5, "fields": {"action_time": "2022-05-30T10:09:11.085Z", "user": 1, "content_type": 10, "object_id": "1", "object_repr": "Brooklyn Conservatory of Music", "action_flag": 2, "change_message": "[{\"deleted\": {\"name\": \"round\", \"object\": \"Brooklyn Conservatory of Music at 15:30:00\"}}, {\"deleted\": {\"name\": \"round\", \"object\": \"Brooklyn Conservatory of Music at 16:30:00\"}}]"}}, {"model": "admin.logentry", "pk": 6, "fields": {"action_time": "2022-05-30T10:09:18.333Z", "user": 1, "content_type": 10, "object_id": "1", "object_repr": "Brooklyn Conservatory of Music", "action_flag": 2, "change_message": "[{\"added\": {\"name\": \"round\", \"object\": \"Brooklyn Conservatory of Music at 15:30:00\"}}, {\"added\": {\"name\": \"round\", \"object\": \"Brooklyn Conservatory of Music at 16:30:00\"}}]"}}, {"model": "admin.logentry", "pk": 7, "fields": {"action_time": "2022-05-30T10:09:56.704Z", "user": 1, "content_type": 10, "object_id": "1", "object_repr": "Brooklyn Conservatory of Music", "action_flag": 2, "change_message": "[{\"added\": {\"name\": \"role\", \"object\": \"Brooklyn Conservatory of Music (Ethan Wu)\"}}]"}}, {"model": "admin.logentry", "pk": 8, "fields": {"action_time": "2022-05-30T10:10:05.855Z", "user": 1, "content_type": 10, "object_id": "1", "object_repr": "Brooklyn Conservatory of Music", "action_flag": 2, "change_message": "[{\"deleted\": {\"name\": \"role\", \"object\": \"Brooklyn Conservatory of Music (Ethan Wu)\"}}]"}}, {"model": "admin.logentry", "pk": 9, "fields": {"action_time": "2022-05-30T10:11:49.324Z", "user": 1, "content_type": 7, "object_id": "1", "object_repr": "Matthew Roulan", "action_flag": 1, "change_message": "[{\"added\": {}}]"}}, {"model": "admin.logentry", "pk": 10, "fields": {"action_time": "2022-05-30T10:11:55.060Z", "user": 1, "content_type": 10, "object_id": "2", "object_repr": "Zero Bond", "action_flag": 1, "change_message": "[{\"added\": {}}, {\"added\": {\"name\": \"round\", \"object\": \"Zero Bond at 21:00:00\"}}]"}}, {"model": "admin.logentry", "pk": 11, "fields": {"action_time": "2022-05-30T10:12:56.842Z", "user": 1, "content_type": 10, "object_id": "3", "object_repr": "CSSA Lunar Gala", "action_flag": 1, "change_message": "[{\"added\": {}}, {\"added\": {\"name\": \"round\", \"object\": \"CSSA Lunar Gala at 18:00:00\"}}]"}}, {"model": "admin.logentry", "pk": 12, "fields": {"action_time": "2022-05-30T10:13:50.648Z", "user": 1, "content_type": 7, "object_id": "2", "object_repr": "Mia Kuromaru", "action_flag": 1, "change_message": "[{\"added\": {}}]"}}, {"model": "admin.logentry", "pk": 13, "fields": {"action_time": "2022-05-30T10:13:57.793Z", "user": 1, "content_type": 10, "object_id": "4", "object_repr": "AAA Gala", "action_flag": 1, "change_message": "[{\"added\": {}}, {\"added\": {\"name\": \"round\", \"object\": \"AAA Gala at 18:00:00\"}}]"}}, {"model": "admin.logentry", "pk": 14, "fields": {"action_time": "2022-05-30T10:14:34.901Z", "user": 1, "content_type": 10, "object_id": "5", "object_repr": "International House", "action_flag": 1, "change_message": "[{\"added\": {}}, {\"added\": {\"name\": \"round\", \"object\": \"International House at 18:30:00\"}}]"}}, {"model": "admin.logentry", "pk": 15, "fields": {"action_time": "2022-05-30T10:15:21.680Z", "user": 1, "content_type": 7, "object_id": "3", "object_repr": "Dakota Martin", "action_flag": 1, "change_message": "[{\"added\": {}}]"}}, {"model": "admin.logentry", "pk": 16, "fields": {"action_time": "2022-05-30T10:15:24.124Z", "user": 1, "content_type": 10, "object_id": "6", "object_repr": "Speyer School", "action_flag": 1, "change_message": "[{\"added\": {}}, {\"added\": {\"name\": \"round\", \"object\": \"Speyer School at 14:30:00\"}}]"}}, {"model": "admin.logentry", "pk": 17, "fields": {"action_time": "2022-05-30T10:15:51.261Z", "user": 1, "content_type": 7, "object_id": "4", "object_repr": "Yiwen Liu", "action_flag": 1, "change_message": "[{\"added\": {}}]"}}, {"model": "admin.logentry", "pk": 18, "fields": {"action_time": "2022-05-30T10:15:53.642Z", "user": 1, "content_type": 10, "object_id": "5", "object_repr": "International House", "action_flag": 2, "change_message": "[{\"changed\": {\"fields\": [\"Contact\"]}}]"}}, {"model": "admin.logentry", "pk": 19, "fields": {"action_time": "2022-05-30T10:16:37.213Z", "user": 1, "content_type": 6, "object_id": "2", "object_repr": "Catelen Wu", "action_flag": 1, "change_message": "[{\"added\": {}}]"}}, {"model": "admin.logentry", "pk": 20, "fields": {"action_time": "2022-05-30T10:17:21.045Z", "user": 1, "content_type": 6, "object_id": "3", "object_repr": "Cindy Tsang", "action_flag": 1, "change_message": "[{\"added\": {}}]"}}, {"model": "admin.logentry", "pk": 21, "fields": {"action_time": "2022-05-30T10:17:52.227Z", "user": 1, "content_type": 6, "object_id": "4", "object_repr": "Kenny Zhu", "action_flag": 1, "change_message": "[{\"added\": {}}]"}}, {"model": "admin.logentry", "pk": 22, "fields": {"action_time": "2022-05-30T10:18:26.381Z", "user": 1, "content_type": 6, "object_id": "5", "object_repr": "Stivie Uribe", "action_flag": 1, "change_message": "[{\"added\": {}}]"}}, {"model": "admin.logentry", "pk": 23, "fields": {"action_time": "2022-05-30T15:10:51.292Z", "user": 1, "content_type": 10, "object_id": "7", "object_repr": "Test", "action_flag": 1, "change_message": "[{\"added\": {}}]"}}, {"model": "admin.logentry", "pk": 24, "fields": {"action_time": "2022-05-30T15:11:00.261Z", "user": 1, "content_type": 10, "object_id": "7", "object_repr": "Test", "action_flag": 3, "change_message": ""}}, {"model": "admin.logentry", "pk": 25, "fields": {"action_time": "2022-05-30T15:33:09.484Z", "user": 1, "content_type": 8, "object_id": "1", "object_repr": "Ethan Wu", "action_flag": 2, "change_message": "[{\"changed\": {\"fields\": [\"Membership\"]}}]"}}, {"model": "admin.logentry", "pk": 26, "fields": {"action_time": "2022-05-30T15:33:15.362Z", "user": 1, "content_type": 8, "object_id": "3", "object_repr": "Cindy Tsang", "action_flag": 2, "change_message": "[{\"changed\": {\"fields\": [\"Membership\"]}}]"}}, {"model": "admin.logentry", "pk": 27, "fields": {"action_time": "2022-05-30T15:38:30.343Z", "user": 1, "content_type": 10, "object_id": "6", "object_repr": "Speyer School", "action_flag": 2, "change_message": "[{\"added\": {\"name\": \"role\", \"object\": \"Speyer School (Ethan Wu)\"}}, {\"added\": {\"name\": \"role\", \"object\": \"Speyer School (Catelen Wu)\"}}]"}}, {"model": "admin.logentry", "pk": 28, "fields": {"action_time": "2022-05-30T15:38:37.533Z", "user": 1, "content_type": 10, "object_id": "2", "object_repr": "Zero Bond", "action_flag": 2, "change_message": "[{\"added\": {\"name\": \"role\", \"object\": \"Zero Bond (Ethan Wu)\"}}, {\"added\": {\"name\": \"role\", \"object\": \"Zero Bond (Cindy Tsang)\"}}]"}}, {"model": "admin.logentry", "pk": 29, "fields": {"action_time": "2022-05-30T15:38:43.382Z", "user": 1, "content_type": 10, "object_id": "3", "object_repr": "CSSA Lunar Gala", "action_flag": 2, "change_message": "[{\"added\": {\"name\": \"role\", \"object\": \"CSSA Lunar Gala (Stivie Uribe)\"}}]"}}, {"model": "admin.logentry", "pk": 30, "fields": {"action_time": "2022-05-30T15:41:57.056Z", "user": 1, "content_type": 10, "object_id": "1", "object_repr": "Brooklyn Conservatory of Music", "action_flag": 2, "change_message": "[{\"added\": {\"name\": \"role\", \"object\": \"Brooklyn Conservatory of Music (Kenny Zhu)\"}}]"}}, {"model": "admin.logentry", "pk": 31, "fields": {"action_time": "2022-05-30T16:38:27.377Z", "user": 1, "content_type": 7, "object_id": "2", "object_repr": "Catelen Wu", "action_flag": 2, "change_message": "[{\"changed\": {\"fields\": [\"Staff status\"]}}]"}}, {"model": "admin.logentry", "pk": 32, "fields": {"action_time": "2022-05-30T16:38:30.779Z", "user": 1, "content_type": 9, "object_id": "2", "object_repr": "Catelen Wu", "action_flag": 2, "change_message": "[]"}}, {"model": "admin.logentry", "pk": 33, "fields": {"action_time": "2022-06-01T03:10:35.467Z", "user": 1, "content_type": 7, "object_id": "6", "object_repr": "Bob Wu", "action_flag": 3, "change_message": ""}}, {"model": "admin.logentry", "pk": 34, "fields": {"action_time": "2022-06-01T03:12:13.407Z", "user": 1, "content_type": 7, "object_id": "7", "object_repr": "Bob Wu", "action_flag": 3, "change_message": ""}}, {"model": "admin.logentry", "pk": 35, "fields": {"action_time": "2022-06-01T03:12:31.120Z", "user": 1, "content_type": 7, "object_id": "8", "object_repr": "Bob Wu", "action_flag": 2, "change_message": "[{\"changed\": {\"fields\": [\"Staff status\"]}}]"}}, {"model": "admin.logentry", "pk": 36, "fields": {"action_time": "2022-06-01T03:13:05.791Z", "user": 1, "content_type": 7, "object_id": "8", "object_repr": "Bob Wu", "action_flag": 3, "change_message": ""}}, {"model": "admin.logentry", "pk": 37, "fields": {"action_time": "2022-06-01T08:25:11.041Z", "user": 1, "content_type": 9, "object_id": "9", "object_repr": "Bob Wu", "action_flag": 3, "change_message": ""}}, {"model": "admin.logentry", "pk": 38, "fields": {"action_time": "2022-06-01T08:25:18.199Z", "user": 1, "content_type": 7, "object_id": "9", "object_repr": "Bob Wu", "action_flag": 3, "change_message": ""}}, {"model": "admin.logentry", "pk": 39, "fields": {"action_time": "2022-06-01T08:37:38.841Z", "user": 1, "content_type": 7, "object_id": "10", "object_repr": "Bob Wu", "action_flag": 3, "change_message": ""}}, {"model": "admin.logentry", "pk": 40, "fields": {"action_time": "2022-06-01T08:42:29.229Z", "user": 1, "content_type": 7, "object_id": "12", "object_repr": "Bobby Wu", "action_flag": 3, "change_message": ""}}, {"model": "admin.logentry", "pk": 41, "fields": {"action_time": "2022-06-01T08:42:32.307Z", "user": 1, "content_type": 7, "object_id": "11", "object_repr": "Ethan Wu", "action_flag": 3, "change_message": ""}}, {"model": "admin.logentry", "pk": 42, "fields": {"action_time": "2022-06-01T08:45:21.130Z", "user": 1, "content_type": 7, "object_id": "13", "object_repr": "Bob Wu", "action_flag": 3, "change_message": ""}}, {"model": "admin.logentry", "pk": 43, "fields": {"action_time": "2022-06-01T09:37:27.090Z", "user": 1, "content_type": 11, "object_id": "6", "object_repr": "Speyer School", "action_flag": 2, "change_message": "[{\"changed\": {\"fields\": [\"Priority\"]}}]"}}, {"model": "admin.logentry", "pk": 44, "fields": {"action_time": "2022-06-01T09:38:48.731Z", "user": 1, "content_type": 11, "object_id": "2", "object_repr": "Zero Bond", "action_flag": 2, "change_message": "[{\"changed\": {\"fields\": [\"Priority\"]}}]"}}, {"model": "admin.logentry", "pk": 45, "fields": {"action_time": "2022-06-01T09:38:54.543Z", "user": 1, "content_type": 11, "object_id": "4", "object_repr": "AAA Gala", "action_flag": 2, "change_message": "[{\"changed\": {\"fields\": [\"Priority\"]}}]"}}, {"model": "admin.logentry", "pk": 46, "fields": {"action_time": "2022-06-01T09:39:03.656Z", "user": 1, "content_type": 11, "object_id": "5", "object_repr": "International House", "action_flag": 2, "change_message": "[{\"changed\": {\"fields\": [\"Priority\"]}}]"}}, {"model": "admin.logentry", "pk": 47, "fields": {"action_time": "2022-06-01T10:55:28.635Z", "user": 1, "content_type": 11, "object_id": "2", "object_repr": "Zero Bond", "action_flag": 2, "change_message": "[{\"changed\": {\"fields\": [\"Address\"]}}]"}}, {"model": "admin.logentry", "pk": 48, "fields": {"action_time": "2022-06-01T19:47:25.492Z", "user": 1, "content_type": 11, "object_id": "6", "object_repr": "Speyer School", "action_flag": 2, "change_message": "[{\"changed\": {\"fields\": [\"Point\"]}}, {\"added\": {\"name\": \"role\", \"object\": \"Speyer School (Kenny Zhu)\"}}, {\"changed\": {\"name\": \"role\", \"object\": \"Speyer School (Cindy Tsang)\", \"fields\": [\"Performer\"]}}]"}}, {"model": "admin.logentry", "pk": 49, "fields": {"action_time": "2022-06-01T19:47:37.864Z", "user": 1, "content_type": 11, "object_id": "5", "object_repr": "International House", "action_flag": 2, "change_message": "[{\"changed\": {\"fields\": [\"Point\"]}}, {\"added\": {\"name\": \"role\", \"object\": \"International House (Kenny Zhu)\"}}, {\"added\": {\"name\": \"role\", \"object\": \"International House (Stivie Uribe)\"}}, {\"changed\": {\"name\": \"role\", \"object\": \"International House (Cindy Tsang)\", \"fields\": [\"Performer\"]}}]"}}, {"model": "admin.logentry", "pk": 50, "fields": {"action_time": "2022-06-01T19:47:52.595Z", "user": 1, "content_type": 11, "object_id": "1", "object_repr": "Brooklyn Conservatory of Music", "action_flag": 2, "change_message": "[{\"changed\": {\"fields\": [\"Point\"]}}, {\"added\": {\"name\": \"role\", \"object\": \"Brooklyn Conservatory of Music (Cindy Tsang)\"}}]"}}, {"model": "admin.logentry", "pk": 51, "fields": {"action_time": "2022-06-01T19:47:59.794Z", "user": 1, "content_type": 11, "object_id": "6", "object_repr": "Speyer School", "action_flag": 2, "change_message": "[{\"changed\": {\"name\": \"role\", \"object\": \"Speyer School (Stivie Uribe)\", \"fields\": [\"Performer\"]}}]"}}, {"model": "admin.logentry", "pk": 52, "fields": {"action_time": "2022-06-01T19:48:14.198Z", "user": 1, "content_type": 11, "object_id": "2", "object_repr": "Zero Bond", "action_flag": 2, "change_message": "[{\"changed\": {\"fields\": [\"Point\"]}}, {\"added\": {\"name\": \"role\", \"object\": \"Zero Bond (Catelen Wu)\"}}, {\"added\": {\"name\": \"role\", \"object\": \"Zero Bond (Stivie Uribe)\"}}, {\"changed\": {\"name\": \"role\", \"object\": \"Zero Bond (Kenny Zhu)\", \"fields\": [\"Performer\"]}}]"}}, {"model": "admin.logentry", "pk": 53, "fields": {"action_time": "2022-06-01T19:48:27.433Z", "user": 1, "content_type": 11, "object_id": "3", "object_repr": "CSSA Lunar Gala", "action_flag": 2, "change_message": "[{\"added\": {\"name\": \"role\", \"object\": \"CSSA Lunar Gala (Cindy Tsang)\"}}, {\"added\": {\"name\": \"role\", \"object\": \"CSSA Lunar Gala (Kenny Zhu)\"}}]"}}, {"model": "admin.logentry", "pk": 54, "fields": {"action_time": "2022-06-01T19:48:37.965Z", "user": 1, "content_type": 11, "object_id": "4", "object_repr": "AAA Gala", "action_flag": 2, "change_message": "[{\"changed\": {\"fields\": [\"Point\"]}}, {\"added\": {\"name\": \"role\", \"object\": \"AAA Gala (Ethan Wu)\"}}, {\"added\": {\"name\": \"role\", \"object\": \"AAA Gala (Cindy Tsang)\"}}, {\"added\": {\"name\": \"role\", \"object\": \"AAA Gala (Kenny Zhu)\"}}]"}}, {"model": "admin.logentry", "pk": 55, "fields": {"action_time": "2022-06-02T04:43:16.218Z", "user": 1, "content_type": 11, "object_id": "3", "object_repr": "CSSA Lunar Gala", "action_flag": 2, "change_message": "[{\"changed\": {\"fields\": [\"Address\"]}}]"}}, {"model": "admin.logentry", "pk": 56, "fields": {"action_time": "2022-06-02T05:24:16.591Z", "user": 1, "content_type": 11, "object_id": "6", "object_repr": "Speyer School", "action_flag": 2, "change_message": "[{\"changed\": {\"fields\": [\"Published\"]}}]"}}, {"model": "admin.logentry", "pk": 57, "fields": {"action_time": "2022-06-02T05:24:21.191Z", "user": 1, "content_type": 11, "object_id": "5", "object_repr": "International House", "action_flag": 2, "change_message": "[{\"changed\": {\"fields\": [\"Published\"]}}]"}}, {"model": "admin.logentry", "pk": 58, "fields": {"action_time": "2022-06-02T05:24:25.290Z", "user": 1, "content_type": 11, "object_id": "1", "object_repr": "Brooklyn Conservatory of Music", "action_flag": 2, "change_message": "[{\"changed\": {\"fields\": [\"Published\"]}}]"}}, {"model": "admin.logentry", "pk": 59, "fields": {"action_time": "2022-06-02T05:24:29.509Z", "user": 1, "content_type": 11, "object_id": "1", "object_repr": "Brooklyn Conservatory of Music", "action_flag": 2, "change_message": "[]"}}, {"model": "admin.logentry", "pk": 60, "fields": {"action_time": "2022-06-02T05:24:33.489Z", "user": 1, "content_type": 11, "object_id": "2", "object_repr": "Zero Bond", "action_flag": 2, "change_message": "[{\"changed\": {\"fields\": [\"Published\"]}}]"}}, {"model": "admin.logentry", "pk": 61, "fields": {"action_time": "2022-06-02T05:24:37.646Z", "user": 1, "content_type": 11, "object_id": "3", "object_repr": "CSSA Lunar Gala", "action_flag": 2, "change_message": "[{\"changed\": {\"fields\": [\"Published\"]}}]"}}, {"model": "admin.logentry", "pk": 62, "fields": {"action_time": "2022-06-02T05:24:42.263Z", "user": 1, "content_type": 11, "object_id": "4", "object_repr": "AAA Gala", "action_flag": 2, "change_message": "[{\"changed\": {\"fields\": [\"Published\"]}}]"}}, {"model": "admin.logentry", "pk": 63, "fields": {"action_time": "2022-06-02T05:24:56.057Z", "user": 1, "content_type": 11, "object_id": "6", "object_repr": "Speyer School", "action_flag": 2, "change_message": "[{\"changed\": {\"fields\": [\"Open\", \"Priority\"]}}, {\"added\": {\"name\": \"role\", \"object\": \"Speyer School (Cindy Tsang)\"}}]"}}, {"model": "admin.logentry", "pk": 64, "fields": {"action_time": "2022-06-02T05:25:03.395Z", "user": 1, "content_type": 11, "object_id": "5", "object_repr": "International House", "action_flag": 2, "change_message": "[]"}}, {"model": "admin.logentry", "pk": 65, "fields": {"action_time": "2022-06-02T05:25:09.290Z", "user": 1, "content_type": 11, "object_id": "1", "object_repr": "Brooklyn Conservatory of Music", "action_flag": 2, "change_message": "[{\"changed\": {\"fields\": [\"Priority\"]}}]"}}, {"model": "admin.logentry", "pk": 66, "fields": {"action_time": "2022-06-02T05:25:42.763Z", "user": 1, "content_type": 11, "object_id": "2", "object_repr": "Zero Bond", "action_flag": 2, "change_message": "[{\"changed\": {\"fields\": [\"Priority\"]}}]"}}, {"model": "admin.logentry", "pk": 67, "fields": {"action_time": "2022-06-02T05:28:11.283Z", "user": 1, "content_type": 11, "object_id": "3", "object_repr": "CSSA Lunar Gala", "action_flag": 2, "change_message": "[{\"changed\": {\"fields\": [\"Priority\"]}}]"}}, {"model": "admin.logentry", "pk": 68, "fields": {"action_time": "2022-06-02T05:28:17.977Z", "user": 1, "content_type": 11, "object_id": "4", "object_repr": "AAA Gala", "action_flag": 2, "change_message": "[{\"changed\": {\"fields\": [\"Priority\"]}}]"}}, {"model": "admin.logentry", "pk": 69, "fields": {"action_time": "2022-06-02T05:28:29.666Z", "user": 1, "content_type": 11, "object_id": "3", "object_repr": "CSSA Lunar Gala", "action_flag": 2, "change_message": "[{\"changed\": {\"fields\": [\"Priority\"]}}]"}}, {"model": "admin.logentry", "pk": 70, "fields": {"action_time": "2022-06-02T05:29:02.280Z", "user": 1, "content_type": 11, "object_id": "4", "object_repr": "AAA Gala", "action_flag": 2, "change_message": "[{\"changed\": {\"fields\": [\"Priority\"]}}, {\"added\": {\"name\": \"role\", \"object\": \"AAA Gala (Stivie Uribe)\"}}]"}}, {"model": "admin.logentry", "pk": 71, "fields": {"action_time": "2022-06-02T05:29:12.501Z", "user": 1, "content_type": 11, "object_id": "3", "object_repr": "CSSA Lunar Gala", "action_flag": 2, "change_message": "[{\"deleted\": {\"name\": \"role\", \"object\": \"CSSA Lunar Gala (Kenny Zhu)\"}}]"}}, {"model": "admin.logentry", "pk": 72, "fields": {"action_time": "2022-06-02T05:31:57.713Z", "user": 1, "content_type": 11, "object_id": "3", "object_repr": "CSSA Lunar Gala", "action_flag": 2, "change_message": "[{\"changed\": {\"fields\": [\"Address\"]}}]"}}, {"model": "admin.logentry", "pk": 73, "fields": {"action_time": "2022-06-02T05:43:29.823Z", "user": 1, "content_type": 11, "object_id": "7", "object_repr": "NSOP Showcase", "action_flag": 1, "change_message": "[{\"added\": {}}, {\"added\": {\"name\": \"role\", \"object\": \"NSOP Showcase (Ethan Wu)\"}}, {\"added\": {\"name\": \"role\", \"object\": \"NSOP Showcase (Cindy Tsang)\"}}, {\"added\": {\"name\": \"role\", \"object\": \"NSOP Showcase (Stivie Uribe)\"}}]"}}, {"model": "admin.logentry", "pk": 74, "fields": {"action_time": "2022-06-02T05:43:43.570Z", "user": 1, "content_type": 11, "object_id": "7", "object_repr": "NSOP Showcase", "action_flag": 2, "change_message": "[{\"changed\": {\"fields\": [\"Open\"]}}]"}}, {"model": "admin.logentry", "pk": 75, "fields": {"action_time": "2022-06-02T05:44:16.827Z", "user": 1, "content_type": 11, "object_id": "7", "object_repr": "NSOP Showcase", "action_flag": 2, "change_message": "[{\"added\": {\"name\": \"round\", \"object\": \"NSOP Showcase at 19:30:00\"}}]"}}, {"model": "admin.logentry", "pk": 76, "fields": {"action_time": "2022-06-02T06:21:41.820Z", "user": 1, "content_type": 11, "object_id": "8", "object_repr": "Wushu-LD Showcase", "action_flag": 1, "change_message": "[{\"added\": {}}, {\"added\": {\"name\": \"round\", \"object\": \"Wushu-LD Showcase at 19:00:00\"}}, {\"added\": {\"name\": \"role\", \"object\": \"Wushu-LD Showcase (Ethan Wu)\"}}, {\"added\": {\"name\": \"role\", \"object\": \"Wushu-LD Showcase (Catelen Wu)\"}}, {\"added\": {\"name\": \"role\", \"object\": \"Wushu-LD Showcase (Cindy Tsang)\"}}, {\"added\": {\"name\": \"role\", \"object\": \"Wushu-LD Showcase (Kenny Zhu)\"}}, {\"added\": {\"name\": \"role\", \"object\": \"Wushu-LD Showcase (Stivie Uribe)\"}}]"}}, {"model": "admin.logentry", "pk": 77, "fields": {"action_time": "2022-06-02T06:22:11.847Z", "user": 1, "content_type": 11, "object_id": "8", "object_repr": "Wushu-LD Showcase", "action_flag": 2, "change_message": "[{\"added\": {\"name\": \"round\", \"object\": \"Wushu-LD Showcase at 19:15:00\"}}]"}}, {"model": "admin.logentry", "pk": 78, "fields": {"action_time": "2022-06-02T06:23:28.963Z", "user": 1, "content_type": 8, "object_id": "5", "object_repr": "Mirabella Chau", "action_flag": 1, "change_message": "[{\"added\": {}}]"}}, {"model": "admin.logentry", "pk": 79, "fields": {"action_time": "2022-06-02T06:24:07.092Z", "user": 1, "content_type": 11, "object_id": "9", "object_repr": "CSC Night Market", "action_flag": 1, "change_message": "[{\"added\": {}}, {\"added\": {\"name\": \"round\", \"object\": \"CSC Night Market at 20:00:00\"}}, {\"added\": {\"name\": \"role\", \"object\": \"CSC Night Market (Ethan Wu)\"}}, {\"added\": {\"name\": \"role\", \"object\": \"CSC Night Market (Catelen Wu)\"}}, {\"added\": {\"name\": \"role\", \"object\": \"CSC Night Market (Cindy Tsang)\"}}, {\"added\": {\"name\": \"role\", \"object\": \"CSC Night Market (Kenny Zhu)\"}}, {\"added\": {\"name\": \"role\", \"object\": \"CSC Night Market (Stivie Uribe)\"}}]"}}, {"model": "admin.logentry", "pk": 80, "fields": {"action_time": "2022-06-02T06:26:20.950Z", "user": 1, "content_type": 8, "object_id": "5", "object_repr": "Mirabella Chau", "action_flag": 2, "change_message": "[{\"changed\": {\"fields\": [\"Email\"]}}]"}}, {"model": "admin.logentry", "pk": 81, "fields": {"action_time": "2022-06-02T06:28:53.648Z", "user": 1, "content_type": 8, "object_id": "6", "object_repr": "Zane Bekheet", "action_flag": 1, "change_message": "[{\"added\": {}}]"}}, {"model": "admin.logentry", "pk": 82, "fields": {"action_time": "2022-06-02T06:28:58.359Z", "user": 1, "content_type": 11, "object_id": "7", "object_repr": "NSOP Showcase", "action_flag": 2, "change_message": "[{\"changed\": {\"fields\": [\"Contact\"]}}]"}}, {"model": "admin.logentry", "pk": 83, "fields": {"action_time": "2022-06-02T06:29:16.117Z", "user": 1, "content_type": 8, "object_id": "7", "object_repr": "Federick Gonzalez", "action_flag": 1, "change_message": "[{\"added\": {}}]"}}, {"model": "admin.logentry", "pk": 84, "fields": {"action_time": "2022-06-02T06:30:44.258Z", "user": 1, "content_type": 11, "object_id": "8", "object_repr": "Wushu-LD Showcase", "action_flag": 2, "change_message": "[{\"changed\": {\"fields\": [\"Contact\"]}}]"}}, {"model": "admin.logentry", "pk": 85, "fields": {"action_time": "2022-06-02T06:32:15.608Z", "user": 1, "content_type": 8, "object_id": "7", "object_repr": "Federick Gonzalez", "action_flag": 3, "change_message": ""}}, {"model": "admin.logentry", "pk": 86, "fields": {"action_time": "2022-06-02T06:32:19.841Z", "user": 1, "content_type": 11, "object_id": "8", "object_repr": "Wushu-LD Showcase", "action_flag": 2, "change_message": "[]"}}, {"model": "admin.logentry", "pk": 87, "fields": {"action_time": "2022-06-02T06:33:48.591Z", "user": 1, "content_type": 8, "object_id": "8", "object_repr": "Michael Celeste", "action_flag": 1, "change_message": "[{\"added\": {}}]"}}, {"model": "admin.logentry", "pk": 88, "fields": {"action_time": "2022-06-02T06:33:52.726Z", "user": 1, "content_type": 8, "object_id": "8", "object_repr": "Michael Celeste", "action_flag": 2, "change_message": "[]"}}, {"model": "admin.logentry", "pk": 89, "fields": {"action_time": "2022-06-02T06:34:13.826Z", "user": 1, "content_type": 11, "object_id": "10", "object_repr": "AFA Martial Arts", "action_flag": 1, "change_message": "[{\"added\": {}}, {\"added\": {\"name\": \"round\", \"object\": \"AFA Martial Arts at 12:00:00\"}}, {\"added\": {\"name\": \"role\", \"object\": \"AFA Martial Arts (Cindy Tsang)\"}}, {\"added\": {\"name\": \"role\", \"object\": \"AFA Martial Arts (Kenny Zhu)\"}}]"}}, {"model": "admin.logentry", "pk": 90, "fields": {"action_time": "2022-06-02T06:35:36.824Z", "user": 1, "content_type": 8, "object_id": "9", "object_repr": "Stivie Uribe", "action_flag": 1, "change_message": "[{\"added\": {}}]"}}, {"model": "admin.logentry", "pk": 91, "fields": {"action_time": "2022-06-02T06:35:46.152Z", "user": 1, "content_type": 11, "object_id": "11", "object_repr": "TASA Interboard", "action_flag": 1, "change_message": "[{\"added\": {}}, {\"added\": {\"name\": \"round\", \"object\": \"TASA Interboard at 19:00:00\"}}]"}}, {"model": "admin.logentry", "pk": 92, "fields": {"action_time": "2022-06-02T06:35:59.974Z", "user": 1, "content_type": 11, "object_id": "11", "object_repr": "TASA Interboard", "action_flag": 2, "change_message": "[{\"changed\": {\"fields\": [\"Published\"]}}]"}}, {"model": "admin.logentry", "pk": 93, "fields": {"action_time": "2022-06-02T06:38:36.163Z", "user": 1, "content_type": 11, "object_id": "12", "object_repr": "Sifu Tony Visit", "action_flag": 1, "change_message": "[{\"added\": {}}, {\"added\": {\"name\": \"round\", \"object\": \"Sifu Tony Visit at 12:30:00\"}}, {\"added\": {\"name\": \"role\", \"object\": \"Sifu Tony Visit (Ethan Wu)\"}}, {\"added\": {\"name\": \"role\", \"object\": \"Sifu Tony Visit (Cindy Tsang)\"}}, {\"added\": {\"name\": \"role\", \"object\": \"Sifu Tony Visit (Kenny Zhu)\"}}]"}}, {"model": "admin.logentry", "pk": 94, "fields": {"action_time": "2022-06-02T06:39:03.444Z", "user": 1, "content_type": 11, "object_id": "12", "object_repr": "Sifu Tony Visit", "action_flag": 2, "change_message": "[{\"changed\": {\"fields\": [\"Address\"]}}]"}}, {"model": "admin.logentry", "pk": 95, "fields": {"action_time": "2022-06-02T06:39:42.428Z", "user": 1, "content_type": 11, "object_id": "8", "object_repr": "Wushu x LD Joint Showcase", "action_flag": 2, "change_message": "[{\"changed\": {\"fields\": [\"Name\"]}}]"}}, {"model": "admin.logentry", "pk": 96, "fields": {"action_time": "2022-06-02T06:39:57.211Z", "user": 1, "content_type": 11, "object_id": "8", "object_repr": "Wushu x Lion Dance", "action_flag": 2, "change_message": "[{\"changed\": {\"fields\": [\"Name\"]}}]"}}, {"model": "admin.logentry", "pk": 97, "fields": {"action_time": "2022-06-02T06:40:55.646Z", "user": 1, "content_type": 8, "object_id": "10", "object_repr": "Teresa Lin", "action_flag": 1, "change_message": "[{\"added\": {}}]"}}, {"model": "admin.logentry", "pk": 98, "fields": {"action_time": "2022-06-02T06:41:10.040Z", "user": 1, "content_type": 11, "object_id": "13", "object_repr": "Montessori Flatiron", "action_flag": 1, "change_message": "[{\"added\": {}}, {\"added\": {\"name\": \"round\", \"object\": \"Montessori Flatiron at 15:00:00\"}}]"}}, {"model": "admin.logentry", "pk": 99, "fields": {"action_time": "2022-06-02T06:41:54.521Z", "user": 1, "content_type": 11, "object_id": "6", "object_repr": "Speyer School", "action_flag": 2, "change_message": "[{\"changed\": {\"fields\": [\"Priority\"]}}]"}}, {"model": "admin.logentry", "pk": 100, "fields": {"action_time": "2022-06-02T06:42:01.142Z", "user": 1, "content_type": 11, "object_id": "5", "object_repr": "International House", "action_flag": 2, "change_message": "[{\"changed\": {\"fields\": [\"Priority\"]}}]"}}, {"model": "admin.logentry", "pk": 101, "fields": {"action_time": "2022-06-02T06:42:09.538Z", "user": 1, "content_type": 11, "object_id": "12", "object_repr": "Sifu Tony Visit", "action_flag": 2, "change_message": "[{\"changed\": {\"fields\": [\"Priority\"]}}]"}}, {"model": "admin.logentry", "pk": 102, "fields": {"action_time": "2022-06-02T06:42:30.833Z", "user": 1, "content_type": 11, "object_id": "6", "object_repr": "Speyer School", "action_flag": 2, "change_message": "[{\"changed\": {\"fields\": [\"Open\"]}}]"}}, {"model": "admin.logentry", "pk": 103, "fields": {"action_time": "2022-06-02T06:43:52.015Z", "user": 1, "content_type": 8, "object_id": "11", "object_repr": "Shin Mon Nanda", "action_flag": 1, "change_message": "[{\"added\": {}}]"}}, {"model": "admin.logentry", "pk": 104, "fields": {"action_time": "2022-06-02T06:43:59.515Z", "user": 1, "content_type": 11, "object_id": "14", "object_repr": "Stimson Center", "action_flag": 1, "change_message": "[{\"added\": {}}, {\"added\": {\"name\": \"round\", \"object\": \"Stimson Center at 18:30:00\"}}]"}}, {"model": "admin.logentry", "pk": 105, "fields": {"action_time": "2022-06-02T06:45:52.143Z", "user": 1, "content_type": 11, "object_id": "15", "object_repr": "International Academy of NYC", "action_flag": 1, "change_message": "[{\"added\": {}}, {\"added\": {\"name\": \"round\", \"object\": \"International Academy of NYC at 09:00:00\"}}]"}}, {"model": "admin.logentry", "pk": 106, "fields": {"action_time": "2022-06-02T06:46:16.280Z", "user": 1, "content_type": 11, "object_id": "15", "object_repr": "International Academy of NYC", "action_flag": 2, "change_message": "[{\"changed\": {\"fields\": [\"Priority\"]}}]"}}, {"model": "admin.logentry", "pk": 107, "fields": {"action_time": "2022-06-02T06:46:32.380Z", "user": 1, "content_type": 11, "object_id": "14", "object_repr": "Stimson Center", "action_flag": 2, "change_message": "[{\"changed\": {\"fields\": [\"Priority\"]}}]"}}, {"model": "admin.logentry", "pk": 108, "fields": {"action_time": "2022-06-02T06:46:39.867Z", "user": 1, "content_type": 11, "object_id": "15", "object_repr": "International Academy of NYC", "action_flag": 2, "change_message": "[{\"added\": {\"name\": \"role\", \"object\": \"International Academy of NYC (Kenny Zhu)\"}}]"}}, {"model": "admin.logentry", "pk": 109, "fields": {"action_time": "2022-06-02T06:47:04.944Z", "user": 1, "content_type": 11, "object_id": "12", "object_repr": "Sifu Tony Visit", "action_flag": 2, "change_message": "[{\"changed\": {\"fields\": [\"Priority\"]}}]"}}, {"model": "auth.permission", "pk": 1, "fields": {"name": "Can add log entry", "content_type": 1, "codename": "add_logentry"}}, {"model": "auth.permission", "pk": 2, "fields": {"name": "Can change log entry", "content_type": 1, "codename": "change_logentry"}}, {"model": "auth.permission", "pk": 3, "fields": {"name": "Can delete log entry", "content_type": 1, "codename": "delete_logentry"}}, {"model": "auth.permission", "pk": 4, "fields": {"name": "Can view log entry", "content_type": 1, "codename": "view_logentry"}}, {"model": "auth.permission", "pk": 5, "fields": {"name": "Can add permission", "content_type": 2, "codename": "add_permission"}}, {"model": "auth.permission", "pk": 6, "fields": {"name": "Can change permission", "content_type": 2, "codename": "change_permission"}}, {"model": "auth.permission", "pk": 7, "fields": {"name": "Can delete permission", "content_type": 2, "codename": "delete_permission"}}, {"model": "auth.permission", "pk": 8, "fields": {"name": "Can view permission", "content_type": 2, "codename": "view_permission"}}, {"model": "auth.permission", "pk": 9, "fields": {"name": "Can add group", "content_type": 3, "codename": "add_group"}}, {"model": "auth.permission", "pk": 10, "fields": {"name": "Can change group", "content_type": 3, "codename": "change_group"}}, {"model": "auth.permission", "pk": 11, "fields": {"name": "Can delete group", "content_type": 3, "codename": "delete_group"}}, {"model": "auth.permission", "pk": 12, "fields": {"name": "Can view group", "content_type": 3, "codename": "view_group"}}, {"model": "auth.permission", "pk": 13, "fields": {"name": "Can add content type", "content_type": 4, "codename": "add_contenttype"}}, {"model": "auth.permission", "pk": 14, "fields": {"name": "Can change content type", "content_type": 4, "codename": "change_contenttype"}}, {"model": "auth.permission", "pk": 15, "fields": {"name": "Can delete content type", "content_type": 4, "codename": "delete_contenttype"}}, {"model": "auth.permission", "pk": 16, "fields": {"name": "Can view content type", "content_type": 4, "codename": "view_contenttype"}}, {"model": "auth.permission", "pk": 17, "fields": {"name": "Can add session", "content_type": 5, "codename": "add_session"}}, {"model": "auth.permission", "pk": 18, "fields": {"name": "Can change session", "content_type": 5, "codename": "change_session"}}, {"model": "auth.permission", "pk": 19, "fields": {"name": "Can delete session", "content_type": 5, "codename": "delete_session"}}, {"model": "auth.permission", "pk": 20, "fields": {"name": "Can view session", "content_type": 5, "codename": "view_session"}}, {"model": "auth.permission", "pk": 21, "fields": {"name": "Can add user", "content_type": 6, "codename": "add_user"}}, {"model": "auth.permission", "pk": 22, "fields": {"name": "Can change user", "content_type": 6, "codename": "change_user"}}, {"model": "auth.permission", "pk": 23, "fields": {"name": "Can delete user", "content_type": 6, "codename": "delete_user"}}, {"model": "auth.permission", "pk": 24, "fields": {"name": "Can view user", "content_type": 6, "codename": "view_user"}}, {"model": "auth.permission", "pk": 25, "fields": {"name": "Can add contact", "content_type": 7, "codename": "add_contact"}}, {"model": "auth.permission", "pk": 26, "fields": {"name": "Can change contact", "content_type": 7, "codename": "change_contact"}}, {"model": "auth.permission", "pk": 27, "fields": {"name": "Can delete contact", "content_type": 7, "codename": "delete_contact"}}, {"model": "auth.permission", "pk": 28, "fields": {"name": "Can view contact", "content_type": 7, "codename": "view_contact"}}, {"model": "auth.permission", "pk": 29, "fields": {"name": "Can add member", "content_type": 8, "codename": "add_member"}}, {"model": "auth.permission", "pk": 30, "fields": {"name": "Can change member", "content_type": 8, "codename": "change_member"}}, {"model": "auth.permission", "pk": 31, "fields": {"name": "Can delete member", "content_type": 8, "codename": "delete_member"}}, {"model": "auth.permission", "pk": 32, "fields": {"name": "Can view member", "content_type": 8, "codename": "view_member"}}, {"model": "auth.permission", "pk": 33, "fields": {"name": "Can add role", "content_type": 9, "codename": "add_role"}}, {"model": "auth.permission", "pk": 34, "fields": {"name": "Can change role", "content_type": 9, "codename": "change_role"}}, {"model": "auth.permission", "pk": 35, "fields": {"name": "Can delete role", "content_type": 9, "codename": "delete_role"}}, {"model": "auth.permission", "pk": 36, "fields": {"name": "Can view role", "content_type": 9, "codename": "view_role"}}, {"model": "auth.permission", "pk": 37, "fields": {"name": "Can add show", "content_type": 10, "codename": "add_show"}}, {"model": "auth.permission", "pk": 38, "fields": {"name": "Can change show", "content_type": 10, "codename": "change_show"}}, {"model": "auth.permission", "pk": 39, "fields": {"name": "Can delete show", "content_type": 10, "codename": "delete_show"}}, {"model": "auth.permission", "pk": 40, "fields": {"name": "Can view show", "content_type": 10, "codename": "view_show"}}, {"model": "auth.permission", "pk": 41, "fields": {"name": "Can add round", "content_type": 11, "codename": "add_round"}}, {"model": "auth.permission", "pk": 42, "fields": {"name": "Can change round", "content_type": 11, "codename": "change_round"}}, {"model": "auth.permission", "pk": 43, "fields": {"name": "Can delete round", "content_type": 11, "codename": "delete_round"}}, {"model": "auth.permission", "pk": 44, "fields": {"name": "Can view round", "content_type": 11, "codename": "view_round"}}, {"model": "auth.permission", "pk": 45, "fields": {"name": "Can add round", "content_type": 12, "codename": "add_round"}}, {"model": "auth.permission", "pk": 46, "fields": {"name": "Can change round", "content_type": 12, "codename": "change_round"}}, {"model": "auth.permission", "pk": 47, "fields": {"name": "Can delete round", "content_type": 12, "codename": "delete_round"}}, {"model": "auth.permission", "pk": 48, "fields": {"name": "Can view round", "content_type": 12, "codename": "view_round"}}, {"model": "contenttypes.contenttype", "pk": 1, "fields": {"app_label": "admin", "model": "logentry"}}, {"model": "contenttypes.contenttype", "pk": 2, "fields": {"app_label": "auth", "model": "permission"}}, {"model": "contenttypes.contenttype", "pk": 3, "fields": {"app_label": "auth", "model": "group"}}, {"model": "contenttypes.contenttype", "pk": 4, "fields": {"app_label": "contenttypes", "model": "contenttype"}}, {"model": "contenttypes.contenttype", "pk": 5, "fields": {"app_label": "sessions", "model": "session"}}, {"model": "contenttypes.contenttype", "pk": 6, "fields": {"app_label": "refresh_token", "model": "refreshtoken"}}, {"model": "contenttypes.contenttype", "pk": 7, "fields": {"app_label": "users", "model": "user"}}, {"model": "contenttypes.contenttype", "pk": 8, "fields": {"app_label": "show_manager", "model": "contact"}}, {"model": "contenttypes.contenttype", "pk": 9, "fields": {"app_label": "show_manager", "model": "member"}}, {"model": "contenttypes.contenttype", "pk": 10, "fields": {"app_label": "show_manager", "model": "role"}}, {"model": "contenttypes.contenttype", "pk": 11, "fields": {"app_label": "show_manager", "model": "show"}}, {"model": "contenttypes.contenttype", "pk": 12, "fields": {"app_label": "show_manager", "model": "round"}}, {"model": "sessions.session", "pk": "pnhlvbeamarj5igrhr9uvi8tisg6q2id", "fields": {"session_data": ".eJxVjMEOwiAQRP-FsyHQBdl69O43kAUWqRpISnsy_rtt0oPOcd6beQtP61L82nn2UxIXocXptwsUn1x3kB5U703GVpd5CnJX5EG7vLXEr-vh_h0U6mVbI1pk5xxngqAJM4zgjFIQErNSYYDIQRk4m0Q5G6u32DEhUNZuQBSfL9xJN3A:1nwEmw:5CDnCVcIhc3kJv0u4y-4Mpj56ZsllNBJlDMCKX90tRE", "expire_date": "2022-06-15T03:12:50.484Z"}}, {"model": "refresh_token.refreshtoken", "pk": 1, "fields": {"user": 1, "token": "55def4d27e49e107e3f5305123cb02ad23ca1a31", "created": "2022-05-30T16:23:36.529Z", "revoked": null}}, {"model": "refresh_token.refreshtoken", "pk": 2, "fields": {"user": 1, "token": "00da88d62d6a49f26d51ef217280cbcce1b62807", "created": "2022-05-30T16:23:40.084Z", "revoked": null}}, {"model": "refresh_token.refreshtoken", "pk": 3, "fields": {"user": 1, "token": "bbb27543dc44be4da616347330e4f65e2b7900e1", "created": "2022-05-30T16:23:48.523Z", "revoked": null}}, {"model": "refresh_token.refreshtoken", "pk": 4, "fields": {"user": 1, "token": "bd73411a8adfe80f1d0a5fce3d42d43533d0c771", "created": "2022-05-30T16:27:20.901Z", "revoked": "2022-05-30T16:27:56.315Z"}}, {"model": "refresh_token.refreshtoken", "pk": 5, "fields": {"user": 1, "token": "250bb1dec58cca0eca527c4df8717fe544cedcdc", "created": "2022-05-30T16:27:56.320Z", "revoked": "2022-05-30T16:28:05.448Z"}}, {"model": "refresh_token.refreshtoken", "pk": 6, "fields": {"user": 1, "token": "fb919eb954821338ee5a5dd748a2ad2b47239fb1", "created": "2022-05-30T16:28:05.456Z", "revoked": null}}, {"model": "refresh_token.refreshtoken", "pk": 7, "fields": {"user": 1, "token": "e7c45942b68226b6ad49c5de25d4c0a48c16ed60", "created": "2022-05-30T16:28:43.736Z", "revoked": null}}, {"model": "refresh_token.refreshtoken", "pk": 8, "fields": {"user": 1, "token": "ca8b3e76393b7eb8f52814f1360cfb1ceb76bd3a", "created": "2022-05-30T16:29:04.243Z", "revoked": null}}, {"model": "refresh_token.refreshtoken", "pk": 9, "fields": {"user": 1, "token": "e4e06451ee9d6a051476497a00b035b8733b9655", "created": "2022-05-30T16:29:17.001Z", "revoked": null}}, {"model": "refresh_token.refreshtoken", "pk": 10, "fields": {"user": 1, "token": "0afd8b9a5281e6e566c9d36040b16399e69bfff5", "created": "2022-05-30T16:29:18.932Z", "revoked": null}}, {"model": "refresh_token.refreshtoken", "pk": 11, "fields": {"user": 1, "token": "656742e1d08a7ac2d0072e952d9e4ee2ded529e3", "created": "2022-05-30T16:29:19.615Z", "revoked": null}}, {"model": "refresh_token.refreshtoken", "pk": 12, "fields": {"user": 1, "token": "f5d2e5edcbbb5263d9d73e9e3382783ac18834eb", "created": "2022-05-30T16:29:30.060Z", "revoked": "2022-05-30T16:29:40.884Z"}}, {"model": "refresh_token.refreshtoken", "pk": 13, "fields": {"user": 1, "token": "7910120b2b0334890e079a884858e71c77a99436", "created": "2022-05-30T16:29:40.892Z", "revoked": null}}, {"model": "refresh_token.refreshtoken", "pk": 14, "fields": {"user": 1, "token": "c328f0789f320c169ff1c2b2bf5e0b05ce6b5f9c", "created": "2022-05-31T05:50:42.428Z", "revoked": null}}, {"model": "refresh_token.refreshtoken", "pk": 15, "fields": {"user": 1, "token": "855caa6e2e9073b0f15970890db3ae39e6e0aefd", "created": "2022-05-31T06:53:14.970Z", "revoked": null}}, {"model": "refresh_token.refreshtoken", "pk": 16, "fields": {"user": 1, "token": "95c4acd4925b52cadc4e3741849b415dae0e3ada", "created": "2022-05-31T07:03:44.808Z", "revoked": null}}, {"model": "refresh_token.refreshtoken", "pk": 17, "fields": {"user": 1, "token": "5ccb051652998fa48155821c75e352b5858e59a1", "created": "2022-05-31T07:52:41.524Z", "revoked": null}}, {"model": "refresh_token.refreshtoken", "pk": 18, "fields": {"user": 1, "token": "7b07f6687494c031cc8b629c6027880eccb96ffe", "created": "2022-05-31T07:58:10.709Z", "revoked": null}}, {"model": "refresh_token.refreshtoken", "pk": 19, "fields": {"user": 1, "token": "e901ca571a719ebe167c439f54bac8bb24a45abe", "created": "2022-05-31T07:58:15.519Z", "revoked": null}}, {"model": "refresh_token.refreshtoken", "pk": 20, "fields": {"user": 1, "token": "f2da003a139d682709edd7416563c82ef068613e", "created": "2022-05-31T08:06:22.434Z", "revoked": null}}, {"model": "refresh_token.refreshtoken", "pk": 21, "fields": {"user": 1, "token": "7d453149290ab0b3cbb741404abf93476a65a6d6", "created": "2022-05-31T08:09:31.622Z", "revoked": null}}, {"model": "refresh_token.refreshtoken", "pk": 22, "fields": {"user": 1, "token": "f714212c428fdc3b20bf9171a508881fc7a7e5b9", "created": "2022-05-31T08:09:48.891Z", "revoked": null}}, {"model": "refresh_token.refreshtoken", "pk": 23, "fields": {"user": 1, "token": "7460b933c3000ff341febf831d42683168d4bd3b", "created": "2022-05-31T08:10:10.684Z", "revoked": null}}, {"model": "refresh_token.refreshtoken", "pk": 24, "fields": {"user": 1, "token": "06ba46079ad24bc074a1b720d6158b60858b7a96", "created": "2022-05-31T08:11:00.243Z", "revoked": null}}, {"model": "refresh_token.refreshtoken", "pk": 25, "fields": {"user": 1, "token": "1d0e439aafd2fe70ab8a0a882462c8039450ee66", "created": "2022-05-31T08:13:34.344Z", "revoked": null}}, {"model": "refresh_token.refreshtoken", "pk": 26, "fields": {"user": 1, "token": "c7714dfa42fedd091451b0cffccb1aa3bb2f5c3e", "created": "2022-05-31T08:13:50.572Z", "revoked": null}}, {"model": "refresh_token.refreshtoken", "pk": 27, "fields": {"user": 1, "token": "a2b49d47b8b4c1d9ca0ebb0f31d2b3dff888381f", "created": "2022-05-31T08:14:55.971Z", "revoked": null}}, {"model": "refresh_token.refreshtoken", "pk": 28, "fields": {"user": 1, "token": "e7537931cea3fec9be41cd2bf1ac6f9765f90bae", "created": "2022-05-31T08:15:12.973Z", "revoked": null}}, {"model": "refresh_token.refreshtoken", "pk": 29, "fields": {"user": 1, "token": "62f802109a7ff0cad6e5705b2ad31efa3e3516ee", "created": "2022-05-31T08:15:16.113Z", "revoked": null}}, {"model": "refresh_token.refreshtoken", "pk": 30, "fields": {"user": 1, "token": "02a2769d8c7287473963a37b2cd4fcb4e6cb9333", "created": "2022-05-31T08:19:15.992Z", "revoked": null}}, {"model": "refresh_token.refreshtoken", "pk": 31, "fields": {"user": 1, "token": "05731025d9a9943f67fa982c823deab84f97307f", "created": "2022-05-31T08:19:31.693Z", "revoked": null}}, {"model": "refresh_token.refreshtoken", "pk": 32, "fields": {"user": 1, "token": "8c5c095496a8362c50a9a5d0806a5f238ec4cef2", "created": "2022-05-31T08:19:33.886Z", "revoked": null}}, {"model": "refresh_token.refreshtoken", "pk": 33, "fields": {"user": 1, "token": "14868cb978f2fb35b9b0c3b91a656d91cee942d5", "created": "2022-05-31T08:19:40.160Z", "revoked": null}}, {"model": "refresh_token.refreshtoken", "pk": 34, "fields": {"user": 1, "token": "7db963f4ebed7a37b3aae327569d4371b12269c5", "created": "2022-05-31T08:19:44.493Z", "revoked": null}}, {"model": "refresh_token.refreshtoken", "pk": 35, "fields": {"user": 1, "token": "5718136da583adf3887337af191c53d6c2abd102", "created": "2022-05-31T08:19:51.944Z", "revoked": null}}, {"model": "refresh_token.refreshtoken", "pk": 36, "fields": {"user": 1, "token": "10919ae0dd79d07a822a461ff3e0ebaa0a33a067", "created": "2022-05-31T08:19:53.051Z", "revoked": null}}, {"model": "refresh_token.refreshtoken", "pk": 37, "fields": {"user": 1, "token": "9dda66a9f20a5c4fcd697d9849ed4bf4e5866134", "created": "2022-05-31T08:20:11.023Z", "revoked": null}}, {"model": "refresh_token.refreshtoken", "pk": 38, "fields": {"user": 1, "token": "f502bef1d0a9dc700ea09cb2b52a1efceaa646d0", "created": "2022-05-31T08:20:12.697Z", "revoked": null}}, {"model": "refresh_token.refreshtoken", "pk": 39, "fields": {"user": 1, "token": "0d173a2efa2ad4d45ddda8a19fee9fe080fce5aa", "created": "2022-05-31T08:24:17.247Z", "revoked": null}}, {"model": "refresh_token.refreshtoken", "pk": 40, "fields": {"user": 1, "token": "f172c2bf7646bd373e7ea150d7de596f55d28ed5", "created": "2022-05-31T08:25:09.912Z", "revoked": null}}, {"model": "refresh_token.refreshtoken", "pk": 41, "fields": {"user": 1, "token": "a52deeead892681a93bb9698761d2510a66d2b10", "created": "2022-05-31T08:25:26.513Z", "revoked": null}}, {"model": "refresh_token.refreshtoken", "pk": 42, "fields": {"user": 1, "token": "60ffdf0a6a94658773448e17ddf5fbf807d6851c", "created": "2022-05-31T08:27:59.739Z", "revoked": null}}, {"model": "refresh_token.refreshtoken", "pk": 43, "fields": {"user": 1, "token": "f5c339f63734ed5fb1816736fc7a8e315769672e", "created": "2022-05-31T08:28:50.051Z", "revoked": null}}, {"model": "refresh_token.refreshtoken", "pk": 44, "fields": {"user": 1, "token": "5f574cd10467198d25abe6407b66f3866d9f25b8", "created": "2022-05-31T08:29:02.199Z", "revoked": null}}, {"model": "refresh_token.refreshtoken", "pk": 45, "fields": {"user": 1, "token": "c05824b7ec479a39f682e752d73d82b9c4ca3433", "created": "2022-05-31T08:31:48.426Z", "revoked": null}}, {"model": "refresh_token.refreshtoken", "pk": 46, "fields": {"user": 1, "token": "9e12ea5e92a75415e734cca94b635755a3f07293", "created": "2022-05-31T08:33:32.819Z", "revoked": null}}, {"model": "refresh_token.refreshtoken", "pk": 47, "fields": {"user": 1, "token": "67f910e7f63ebd0dce86918117d2130cb4c69d49", "created": "2022-05-31T08:33:37.466Z", "revoked": null}}, {"model": "refresh_token.refreshtoken", "pk": 48, "fields": {"user": 1, "token": "3b60c1a11686962dc8f49b3cd4f7c61bece70cca", "created": "2022-05-31T08:33:43.583Z", "revoked": null}}, {"model": "refresh_token.refreshtoken", "pk": 49, "fields": {"user": 1, "token": "1e15bb5a2087fa69ed547e95d373b064292a8617", "created": "2022-05-31T08:37:36.573Z", "revoked": null}}, {"model": "refresh_token.refreshtoken", "pk": 50, "fields": {"user": 1, "token": "34b02ebe62bdb6d70fd394a5d902d711612c3d99", "created": "2022-05-31T08:39:20.422Z", "revoked": null}}, {"model": "refresh_token.refreshtoken", "pk": 51, "fields": {"user": 1, "token": "63b287b273d45cab35aa49fb9f98450a193d30a4", "created": "2022-05-31T08:40:23.826Z", "revoked": null}}, {"model": "refresh_token.refreshtoken", "pk": 52, "fields": {"user": 1, "token": "116521dd810bab365dd2e1c612afa95423781592", "created": "2022-05-31T08:40:56.822Z", "revoked": null}}, {"model": "refresh_token.refreshtoken", "pk": 53, "fields": {"user": 1, "token": "fef93426454c047fdf6a688d70776417d70f99ca", "created": "2022-05-31T08:41:41.672Z", "revoked": null}}, {"model": "refresh_token.refreshtoken", "pk": 54, "fields": {"user": 1, "token": "0215fa756d2cee7832d5be05c670053ab4f906d6", "created": "2022-05-31T08:55:29.944Z", "revoked": null}}, {"model": "refresh_token.refreshtoken", "pk": 55, "fields": {"user": 1, "token": "8c307d89e80aab3ac1e08ece3a966cfe4e54e149", "created": "2022-05-31T09:00:48.079Z", "revoked": null}}, {"model": "refresh_token.refreshtoken", "pk": 56, "fields": {"user": 1, "token": "3bc89f0cd162f9ab48c8fb213a2e6f7e233fbf3d", "created": "2022-05-31T09:04:05.975Z", "revoked": null}}, {"model": "refresh_token.refreshtoken", "pk": 57, "fields": {"user": 1, "token": "0520ed8df864c9ae3c0d4def05abd961bc9758a9", "created": "2022-05-31T09:04:14.114Z", "revoked": null}}, {"model": "refresh_token.refreshtoken", "pk": 58, "fields": {"user": 1, "token": "2745a3387e26cb9d480625052fe7a65c28fa1b76", "created": "2022-05-31T09:06:12.028Z", "revoked": null}}, {"model": "refresh_token.refreshtoken", "pk": 59, "fields": {"user": 1, "token": "72e80c62ace64bfce2b214e99b32e7b316e2438a", "created": "2022-05-31T09:12:12.887Z", "revoked": null}}, {"model": "refresh_token.refreshtoken", "pk": 60, "fields": {"user": 1, "token": "daf9a6848a81603f0bc222731bc3b39532b5852f", "created": "2022-05-31T09:13:49.710Z", "revoked": null}}, {"model": "refresh_token.refreshtoken", "pk": 61, "fields": {"user": 1, "token": "2669f584b1ad5817bebbd3bd24ef16076837d2f1", "created": "2022-05-31T09:16:26.622Z", "revoked": null}}, {"model": "refresh_token.refreshtoken", "pk": 62, "fields": {"user": 1, "token": "3bca2015efc09267f553351300c5a4c68bc7ba0a", "created": "2022-05-31T09:16:40.216Z", "revoked": null}}, {"model": "refresh_token.refreshtoken", "pk": 63, "fields": {"user": 1, "token": "ebaa2b1706eb8015490891f9d4706d69d3f13b17", "created": "2022-05-31T09:17:24.522Z", "revoked": null}}, {"model": "refresh_token.refreshtoken", "pk": 64, "fields": {"user": 1, "token": "a0977d47d2ca072acad5ae26e8d9eca2b2a04df1", "created": "2022-05-31T13:48:02.304Z", "revoked": null}}, {"model": "refresh_token.refreshtoken", "pk": 65, "fields": {"user": 1, "token": "86c24cbc74daa40450174af24e463e5a11d29bed", "created": "2022-05-31T13:50:29.943Z", "revoked": null}}, {"model": "refresh_token.refreshtoken", "pk": 66, "fields": {"user": 1, "token": "0abac2a7ad98b17cd4ec62ba7624af97ce6c2ce3", "created": "2022-05-31T13:50:45.523Z", "revoked": null}}, {"model": "refresh_token.refreshtoken", "pk": 67, "fields": {"user": 1, "token": "c1dacf0e4fee43cb4afdb2e90e1c392b9afa3fa7", "created": "2022-05-31T14:18:28.413Z", "revoked": null}}, {"model": "refresh_token.refreshtoken", "pk": 68, "fields": {"user": 1, "token": "379a5fa1eca848019866b2366e0d117e983871a7", "created": "2022-05-31T14:28:06.223Z", "revoked": null}}, {"model": "refresh_token.refreshtoken", "pk": 69, "fields": {"user": 1, "token": "379e96b0b386bec066020bc62298ea213ff6ca74", "created": "2022-05-31T14:28:34.545Z", "revoked": null}}, {"model": "refresh_token.refreshtoken", "pk": 70, "fields": {"user": 1, "token": "f63f1a9b07f45f97dbd846bc2b8ceb3ae44a6bc4", "created": "2022-05-31T14:28:41.018Z", "revoked": null}}, {"model": "refresh_token.refreshtoken", "pk": 71, "fields": {"user": 1, "token": "e0b852c6e34a138c7e9a6635eb40db59c36b64ee", "created": "2022-05-31T14:28:45.523Z", "revoked": null}}, {"model": "refresh_token.refreshtoken", "pk": 72, "fields": {"user": 1, "token": "08f5967d47a0df66ca6771f2219c393d4cc8fec4", "created": "2022-05-31T14:53:16.276Z", "revoked": null}}, {"model": "refresh_token.refreshtoken", "pk": 73, "fields": {"user": 1, "token": "f4298f7cb92baa707d4ccb29e2fb9a43da298ce4", "created": "2022-05-31T14:53:21.510Z", "revoked": null}}, {"model": "refresh_token.refreshtoken", "pk": 74, "fields": {"user": 1, "token": "b78c4ab6486e4e8d8f422ae85cbe7c60587d2bb4", "created": "2022-05-31T14:53:55.245Z", "revoked": null}}, {"model": "refresh_token.refreshtoken", "pk": 75, "fields": {"user": 1, "token": "1fe771f49f032c983d0379b4063d6101603ce603", "created": "2022-05-31T14:56:05.928Z", "revoked": null}}, {"model": "refresh_token.refreshtoken", "pk": 76, "fields": {"user": 1, "token": "1990a6209aa14b4867bc03829165d0e5c69ab75d", "created": "2022-05-31T14:56:16.092Z", "revoked": null}}, {"model": "refresh_token.refreshtoken", "pk": 77, "fields": {"user": 1, "token": "61893169c2041aeda8dbed44d13b825d89fac8bf", "created": "2022-05-31T15:00:16.994Z", "revoked": null}}, {"model": "refresh_token.refreshtoken", "pk": 78, "fields": {"user": 1, "token": "4db46673fcd9baf4becd5ebfea40084e4cccdcf4", "created": "2022-05-31T15:00:21.961Z", "revoked": null}}, {"model": "refresh_token.refreshtoken", "pk": 79, "fields": {"user": 1, "token": "2b261c59e19b0eaf63201b3797c941b81e8f8e3d", "created": "2022-05-31T15:00:27.294Z", "revoked": null}}, {"model": "refresh_token.refreshtoken", "pk": 80, "fields": {"user": 1, "token": "913624d3dffe25b032ad2a5a4e195ddccb7108c4", "created": "2022-05-31T15:01:03.399Z", "revoked": null}}, {"model": "refresh_token.refreshtoken", "pk": 81, "fields": {"user": 1, "token": "0e97b56e257299da316f7b6040fce14d76480e18", "created": "2022-05-31T15:01:07.428Z", "revoked": null}}, {"model": "refresh_token.refreshtoken", "pk": 82, "fields": {"user": 1, "token": "f96711f3e81a831e992f515ca65b414d717587fd", "created": "2022-05-31T15:01:12.476Z", "revoked": null}}, {"model": "refresh_token.refreshtoken", "pk": 83, "fields": {"user": 1, "token": "ef5b669eb79de2cdce203cebb137f33e6161a58a", "created": "2022-05-31T15:02:36.743Z", "revoked": null}}, {"model": "refresh_token.refreshtoken", "pk": 84, "fields": {"user": 1, "token": "fae852caecaf3fbf9ed874a18c1e1d10861f7c4e", "created": "2022-05-31T15:02:40.694Z", "revoked": null}}, {"model": "refresh_token.refreshtoken", "pk": 85, "fields": {"user": 1, "token": "31936cd88863b78edcccc3e096852debe1abd0b9", "created": "2022-05-31T15:02:56.252Z", "revoked": null}}, {"model": "refresh_token.refreshtoken", "pk": 86, "fields": {"user": 1, "token": "2d7ea7177e5902c8ead815924cfc3996ee71c0a6", "created": "2022-05-31T15:03:15.392Z", "revoked": null}}, {"model": "refresh_token.refreshtoken", "pk": 87, "fields": {"user": 1, "token": "99a3943df39b7c8ba121764c4bb62f6564b7cdf6", "created": "2022-05-31T15:04:47.198Z", "revoked": null}}, {"model": "refresh_token.refreshtoken", "pk": 88, "fields": {"user": 1, "token": "b5d1b7e173ab3d9d0412c4faab73101eb6c1e2cf", "created": "2022-05-31T15:04:59.847Z", "revoked": null}}, {"model": "refresh_token.refreshtoken", "pk": 89, "fields": {"user": 1, "token": "7a13525b69dca05262d2ec392f949202ac4240ef", "created": "2022-05-31T15:06:44.414Z", "revoked": null}}, {"model": "refresh_token.refreshtoken", "pk": 90, "fields": {"user": 1, "token": "cde4f11cc464dcca16326db7d9f3a4db329cc870", "created": "2022-05-31T15:07:07.253Z", "revoked": null}}, {"model": "refresh_token.refreshtoken", "pk": 91, "fields": {"user": 1, "token": "a92865ecff71c4a01372b7b05405d98254308ad3", "created": "2022-05-31T15:07:13.439Z", "revoked": null}}, {"model": "refresh_token.refreshtoken", "pk": 92, "fields": {"user": 1, "token": "5e5b63df2c0b5546e1430da0d738b61649838dff", "created": "2022-05-31T15:07:59.985Z", "revoked": null}}, {"model": "refresh_token.refreshtoken", "pk": 93, "fields": {"user": 1, "token": "35aad861bd366a91447a882035f31a2d80ff14b0", "created": "2022-05-31T15:13:52.676Z", "revoked": null}}, {"model": "refresh_token.refreshtoken", "pk": 94, "fields": {"user": 1, "token": "03c0513f07bf145b1b08fbdc942e0124c1a32cbc", "created": "2022-05-31T15:14:01.690Z", "revoked": null}}, {"model": "refresh_token.refreshtoken", "pk": 95, "fields": {"user": 1, "token": "aebe400abc1cd4ae69e5378b73fd25f43bda1382", "created": "2022-05-31T15:14:15.093Z", "revoked": null}}, {"model": "refresh_token.refreshtoken", "pk": 96, "fields": {"user": 1, "token": "8318614133d9255fad11f8dcb970b4a7bb0f728b", "created": "2022-05-31T15:14:17.972Z", "revoked": null}}, {"model": "refresh_token.refreshtoken", "pk": 97, "fields": {"user": 1, "token": "c474be862c3c8c75aceab759c202a9f6fe07d319", "created": "2022-05-31T15:14:29.142Z", "revoked": null}}, {"model": "refresh_token.refreshtoken", "pk": 98, "fields": {"user": 1, "token": "a409cf9a12e486ca3de1d2597a76509eaab666c5", "created": "2022-05-31T15:14:34.438Z", "revoked": null}}, {"model": "refresh_token.refreshtoken", "pk": 99, "fields": {"user": 1, "token": "21956b6d25930bba8272e37b23438e66602d1387", "created": "2022-05-31T15:14:57.244Z", "revoked": null}}, {"model": "refresh_token.refreshtoken", "pk": 100, "fields": {"user": 1, "token": "e1f52095a08278bf44c8e4de0fdfaaf0d9a75885", "created": "2022-05-31T15:15:09.472Z", "revoked": null}}, {"model": "refresh_token.refreshtoken", "pk": 101, "fields": {"user": 1, "token": "ecbf91409f8cd9790e5ebd40931c80e48f685c05", "created": "2022-05-31T15:15:15.324Z", "revoked": null}}, {"model": "refresh_token.refreshtoken", "pk": 102, "fields": {"user": 1, "token": "5e0c9f43c10ee1a6647e82bc00660cfd6e4d1285", "created": "2022-05-31T15:15:19.489Z", "revoked": null}}, {"model": "refresh_token.refreshtoken", "pk": 103, "fields": {"user": 1, "token": "52accd1d830afab7a95fa67ac6a34773c1f8669e", "created": "2022-05-31T15:15:31.673Z", "revoked": null}}, {"model": "refresh_token.refreshtoken", "pk": 104, "fields": {"user": 1, "token": "ecdb510e2d7972bdbb6c4e92fa2f406cffb94db5", "created": "2022-05-31T15:15:40.418Z", "revoked": null}}, {"model": "refresh_token.refreshtoken", "pk": 105, "fields": {"user": 1, "token": "6de0074a2ef34cd451e3d3e96a4a64b5a14d1041", "created": "2022-05-31T15:15:53.828Z", "revoked": null}}, {"model": "refresh_token.refreshtoken", "pk": 106, "fields": {"user": 1, "token": "f7297f5ad7a7b65ced9af9f877bc1ff9232f4491", "created": "2022-05-31T15:16:02.196Z", "revoked": null}}, {"model": "refresh_token.refreshtoken", "pk": 107, "fields": {"user": 1, "token": "b8d259cf3de54e37bd6c8759662a5cd75b02e3b5", "created": "2022-05-31T15:16:14.573Z", "revoked": null}}, {"model": "refresh_token.refreshtoken", "pk": 108, "fields": {"user": 1, "token": "a48b2975493ce164c3948c1acf7dc25b793796f4", "created": "2022-05-31T15:16:25.158Z", "revoked": null}}, {"model": "refresh_token.refreshtoken", "pk": 109, "fields": {"user": 1, "token": "77fffd852f878572b175c92a6de5c066484c0f50", "created": "2022-05-31T15:16:36.726Z", "revoked": null}}, {"model": "refresh_token.refreshtoken", "pk": 110, "fields": {"user": 1, "token": "27cd8fc589bbd57e5696fffca46e379c44ae7c70", "created": "2022-05-31T15:16:45.446Z", "revoked": null}}, {"model": "refresh_token.refreshtoken", "pk": 111, "fields": {"user": 1, "token": "86c7fce32610e7af77ac097d5055d7c97ae7c318", "created": "2022-05-31T15:17:07.429Z", "revoked": null}}, {"model": "refresh_token.refreshtoken", "pk": 112, "fields": {"user": 1, "token": "fd1271e8d8e01f85a0fa5cebabc504b118644eab", "created": "2022-05-31T15:18:21.464Z", "revoked": null}}, {"model": "refresh_token.refreshtoken", "pk": 113, "fields": {"user": 1, "token": "ec03b6a9af539194c8e7ad3f0f62b8a23471d439", "created": "2022-05-31T15:23:48.181Z", "revoked": null}}, {"model": "refresh_token.refreshtoken", "pk": 114, "fields": {"user": 1, "token": "3f0096c728c7900380db19ca40338851193d4438", "created": "2022-05-31T15:24:56.169Z", "revoked": "2022-05-31T15:25:06.661Z"}}, {"model": "refresh_token.refreshtoken", "pk": 115, "fields": {"user": 1, "token": "be8914adb2e25c71bf06b7a3d9f38cc21ce2d00a", "created": "2022-05-31T15:25:06.669Z", "revoked": "2022-05-31T15:25:16.450Z"}}, {"model": "refresh_token.refreshtoken", "pk": 116, "fields": {"user": 1, "token": "36621d767f0733e39ef8f2034d6841e74c4d4c2c", "created": "2022-05-31T15:25:16.462Z", "revoked": "2022-05-31T15:26:45.519Z"}}, {"model": "refresh_token.refreshtoken", "pk": 117, "fields": {"user": 1, "token": "dcdc3ac2db8e595ce8f8598b24ba7805ce603d2e", "created": "2022-05-31T15:26:45.525Z", "revoked": null}}, {"model": "refresh_token.refreshtoken", "pk": 118, "fields": {"user": 1, "token": "86d2c36de1a5d7e5a59767c13df114cb74178813", "created": "2022-05-31T15:27:40.327Z", "revoked": null}}, {"model": "refresh_token.refreshtoken", "pk": 119, "fields": {"user": 1, "token": "f87b0e2efaa3242ce3f29cf34de9770bfd2bf834", "created": "2022-05-31T15:27:43.090Z", "revoked": null}}, {"model": "refresh_token.refreshtoken", "pk": 120, "fields": {"user": 1, "token": "242eecfbe920a942fd0c3b9387a8281361aa74a8", "created": "2022-05-31T15:30:01.035Z", "revoked": null}}, {"model": "refresh_token.refreshtoken", "pk": 121, "fields": {"user": 1, "token": "afd00406f805e1683569305e34a8b4068497be7a", "created": "2022-05-31T15:30:07.001Z", "revoked": null}}, {"model": "refresh_token.refreshtoken", "pk": 122, "fields": {"user": 1, "token": "cd088ce0416660de47b1bc2cea0f15d468abe818", "created": "2022-05-31T15:33:00.216Z", "revoked": null}}, {"model": "refresh_token.refreshtoken", "pk": 123, "fields": {"user": 1, "token": "b515786433d5bb9876734957c7e13bd5f57daf9e", "created": "2022-05-31T15:33:40.452Z", "revoked": null}}, {"model": "refresh_token.refreshtoken", "pk": 124, "fields": {"user": 1, "token": "c54cbe4ef1ac31f111f24e7c3377a419bf27e738", "created": "2022-05-31T15:33:50.141Z", "revoked": null}}, {"model": "refresh_token.refreshtoken", "pk": 125, "fields": {"user": 1, "token": "f472c2c8081ec78ec9fd709bc85c0b107370e3ae", "created": "2022-05-31T16:27:37.095Z", "revoked": null}}, {"model": "refresh_token.refreshtoken", "pk": 126, "fields": {"user": 1, "token": "6c1d6e88732ac4f10a1fd3bbfe0387a513b02189", "created": "2022-05-31T16:28:26.736Z", "revoked": null}}, {"model": "refresh_token.refreshtoken", "pk": 127, "fields": {"user": 1, "token": "771d2e30cd6d08825266a450063e5d51a8ff1cd6", "created": "2022-05-31T16:29:50.701Z", "revoked": null}}, {"model": "refresh_token.refreshtoken", "pk": 128, "fields": {"user": 1, "token": "70e0552aa33afe385d2b6e4cb805c476b14b9eca", "created": "2022-05-31T16:30:28.818Z", "revoked": null}}, {"model": "refresh_token.refreshtoken", "pk": 129, "fields": {"user": 1, "token": "d8b84699b68fffae9656440a353c9b2c435fcf7a", "created": "2022-05-31T16:36:11.781Z", "revoked": null}}, {"model": "refresh_token.refreshtoken", "pk": 130, "fields": {"user": 1, "token": "0f251d2257862dced6b8fe42905e1b7e06463d13", "created": "2022-05-31T16:36:52.643Z", "revoked": null}}, {"model": "refresh_token.refreshtoken", "pk": 131, "fields": {"user": 1, "token": "b1222c91a8611a63aa57d276cc814e9ff2f72adc", "created": "2022-05-31T16:38:15.932Z", "revoked": null}}, {"model": "refresh_token.refreshtoken", "pk": 132, "fields": {"user": 1, "token": "f8aa6c4b282005f40a05c1763e4c4645b72f3943", "created": "2022-05-31T16:39:11.727Z", "revoked": null}}, {"model": "refresh_token.refreshtoken", "pk": 133, "fields": {"user": 1, "token": "3bc3452b56b8f0104fdf967e234a02b948e22e47", "created": "2022-05-31T16:39:15.639Z", "revoked": null}}, {"model": "refresh_token.refreshtoken", "pk": 134, "fields": {"user": 1, "token": "70fa0e2a67a3e4339113d7297010b0098514bd48", "created": "2022-05-31T16:39:27.605Z", "revoked": null}}, {"model": "refresh_token.refreshtoken", "pk": 135, "fields": {"user": 1, "token": "792d471eca1adccd39f94fecbf95ca66e03baa39", "created": "2022-05-31T16:39:59.410Z", "revoked": null}}, {"model": "refresh_token.refreshtoken", "pk": 136, "fields": {"user": 1, "token": "20863ca5c516cca41763ac4a421fb71b386f57f2", "created": "2022-05-31T16:42:19.812Z", "revoked": null}}, {"model": "refresh_token.refreshtoken", "pk": 137, "fields": {"user": 1, "token": "6743baa48067cbef3ad1db5421b358057c11a45b", "created": "2022-05-31T16:57:25.872Z", "revoked": null}}, {"model": "refresh_token.refreshtoken", "pk": 138, "fields": {"user": 1, "token": "7f972683235a17e5fae70a29ee746d6f6d2d4f3f", "created": "2022-05-31T17:00:56.156Z", "revoked": null}}, {"model": "refresh_token.refreshtoken", "pk": 139, "fields": {"user": 1, "token": "5b07a6ea1d2280ca9c86870c0cc278f4ec8b41af", "created": "2022-06-01T02:44:35.613Z", "revoked": null}}, {"model": "refresh_token.refreshtoken", "pk": 140, "fields": {"user": 1, "token": "48cd798aaaadb4c487727a7abbb7ef95541713ff", "created": "2022-06-01T03:13:19.602Z", "revoked": null}}, {"model": "refresh_token.refreshtoken", "pk": 141, "fields": {"user": 2, "token": "fa3fcc67e42adcb7c96de231d069da08d1262189", "created": "2022-06-01T03:13:36.196Z", "revoked": null}}, {"model": "refresh_token.refreshtoken", "pk": 142, "fields": {"user": 5, "token": "793e3a7ee7622e9f4c95b2051b5aa4b3c957ac7e", "created": "2022-06-01T03:13:50.836Z", "revoked": null}}, {"model": "refresh_token.refreshtoken", "pk": 144, "fields": {"user": 1, "token": "121d1f12a42d66436cd59fd3e58fb3f0f667cbb8", "created": "2022-06-01T08:37:06.582Z", "revoked": null}}, {"model": "refresh_token.refreshtoken", "pk": 145, "fields": {"user": 1, "token": "c176b3a77d5dad9f9147a0fceb7ac9b6a08bf565", "created": "2022-06-01T08:37:20.038Z", "revoked": null}}, {"model": "refresh_token.refreshtoken", "pk": 149, "fields": {"user": 1, "token": "ec1f12784b5b19f5df8318a94c9c2b3617e098f3", "created": "2022-06-01T08:44:36.607Z", "revoked": null}}, {"model": "refresh_token.refreshtoken", "pk": 150, "fields": {"user": 1, "token": "182af59e8480a98d1cb49d05e38ab2476a532b56", "created": "2022-06-01T08:48:46.033Z", "revoked": null}}, {"model": "refresh_token.refreshtoken", "pk": 151, "fields": {"user": 1, "token": "c6b76cbd3ba068bf6a12655260016cd637ab040d", "created": "2022-06-01T08:49:04.750Z", "revoked": null}}, {"model": "refresh_token.refreshtoken", "pk": 152, "fields": {"user": 1, "token": "7f54cc77e7d789da447d3b4e6f105ad508979d53", "created": "2022-06-01T08:49:25.250Z", "revoked": "2022-06-01T08:55:09.244Z"}}, {"model": "refresh_token.refreshtoken", "pk": 153, "fields": {"user": 1, "token": "77df93ec072f5f7e513b743e4ec013ad8544cfd8", "created": "2022-06-01T08:55:09.247Z", "revoked": null}}, {"model": "refresh_token.refreshtoken", "pk": 154, "fields": {"user": 1, "token": "c52d7ea77424a518ecc846aa2abafcceed07c1e6", "created": "2022-06-01T08:55:11.888Z", "revoked": "2022-06-01T09:04:10.124Z"}}, {"model": "refresh_token.refreshtoken", "pk": 155, "fields": {"user": 1, "token": "a8ce7475294518193d2a14a18c9b15916d01b38a", "created": "2022-06-01T09:04:10.129Z", "revoked": null}}, {"model": "refresh_token.refreshtoken", "pk": 156, "fields": {"user": 1, "token": "3eccb9458b00856069cdb15ba64af5a852d0946a", "created": "2022-06-01T09:05:11.341Z", "revoked": null}}, {"model": "refresh_token.refreshtoken", "pk": 157, "fields": {"user": 1, "token": "357a4a43fec9f97077f3beda354d5750ec761dea", "created": "2022-06-01T09:07:07.161Z", "revoked": null}}, {"model": "refresh_token.refreshtoken", "pk": 158, "fields": {"user": 1, "token": "27266e3a276ab9a05fde2a5868019344b878998f", "created": "2022-06-01T09:08:37.168Z", "revoked": "2022-06-01T09:14:03.432Z"}}, {"model": "refresh_token.refreshtoken", "pk": 159, "fields": {"user": 1, "token": "3c4bd5585ca85cdf849ec46d37e8d0730385eb4f", "created": "2022-06-01T09:14:03.439Z", "revoked": null}}, {"model": "refresh_token.refreshtoken", "pk": 160, "fields": {"user": 1, "token": "8745ad6ddbdd168b1bbec22aaf171ac14890efaf", "created": "2022-06-01T09:14:05.549Z", "revoked": "2022-06-01T09:19:07.006Z"}}, {"model": "refresh_token.refreshtoken", "pk": 161, "fields": {"user": 1, "token": "b5e7d0a5b0d28206d1a5dd285fd275da8268a1b6", "created": "2022-06-01T09:19:07.009Z", "revoked": null}}, {"model": "refresh_token.refreshtoken", "pk": 162, "fields": {"user": 1, "token": "279995b82fff1a1c4ea71753d4b44aba1f5b8cd0", "created": "2022-06-01T09:19:14.462Z", "revoked": null}}, {"model": "refresh_token.refreshtoken", "pk": 163, "fields": {"user": 1, "token": "9ce05b528b2e9160f938d8d2787ea9249ecf3d99", "created": "2022-06-01T09:19:34.376Z", "revoked": null}}, {"model": "refresh_token.refreshtoken", "pk": 164, "fields": {"user": 1, "token": "2f6279cb0169856d2e146e287315a57b261d7efa", "created": "2022-06-01T09:20:22.983Z", "revoked": null}}, {"model": "refresh_token.refreshtoken", "pk": 165, "fields": {"user": 2, "token": "dabc5fca344054309fd4873690c009ce84fbf082", "created": "2022-06-01T09:25:19.753Z", "revoked": null}}, {"model": "refresh_token.refreshtoken", "pk": 166, "fields": {"user": 1, "token": "e06c85423b0765a936e6ef28bd6cdd4206a681ee", "created": "2022-06-01T09:27:35.061Z", "revoked": null}}, {"model": "refresh_token.refreshtoken", "pk": 167, "fields": {"user": 1, "token": "7702e02b23aab0f2befa6836926cee7f58252245", "created": "2022-06-01T09:29:21.092Z", "revoked": null}}, {"model": "refresh_token.refreshtoken", "pk": 168, "fields": {"user": 1, "token": "d521ecb63992868437b42bdcbcaaf94504c156da", "created": "2022-06-01T09:29:24.624Z", "revoked": "2022-06-01T09:34:24.870Z"}}, {"model": "refresh_token.refreshtoken", "pk": 169, "fields": {"user": 1, "token": "418635e5a62752a3c26d3e817d6497d6fdd38334", "created": "2022-06-01T09:34:24.864Z", "revoked": null}}, {"model": "refresh_token.refreshtoken", "pk": 170, "fields": {"user": 1, "token": "1db921dcb233a236262bc2e6c33550d4a7ab566c", "created": "2022-06-01T09:34:24.877Z", "revoked": "2022-06-01T09:39:47.948Z"}}, {"model": "refresh_token.refreshtoken", "pk": 171, "fields": {"user": 1, "token": "2de6aa865ccfaaabfe29d09fe686942e10d353f3", "created": "2022-06-01T09:39:47.963Z", "revoked": null}}, {"model": "refresh_token.refreshtoken", "pk": 172, "fields": {"user": 1, "token": "10fa0bf22a239616d0aa469eecc4302834c77251", "created": "2022-06-01T09:39:47.965Z", "revoked": null}}, {"model": "refresh_token.refreshtoken", "pk": 173, "fields": {"user": 1, "token": "2230b230cc40c083884094706ee0af4cc0b2ad99", "created": "2022-06-01T09:39:58.564Z", "revoked": "2022-06-01T09:46:08.656Z"}}, {"model": "refresh_token.refreshtoken", "pk": 174, "fields": {"user": 1, "token": "b56ac2ee2fcf76cc71dc03f48ac36a4f979557a9", "created": "2022-06-01T09:46:08.664Z", "revoked": null}}, {"model": "refresh_token.refreshtoken", "pk": 175, "fields": {"user": 1, "token": "3afbfb847dbf9d3db92bd9d7425c724239d402a4", "created": "2022-06-01T09:46:08.668Z", "revoked": null}}, {"model": "refresh_token.refreshtoken", "pk": 176, "fields": {"user": 1, "token": "48441b1922ac6583afdb0737b973a38a315568d1", "created": "2022-06-01T09:46:19.270Z", "revoked": "2022-06-01T09:58:24.317Z"}}, {"model": "refresh_token.refreshtoken", "pk": 177, "fields": {"user": 1, "token": "49d420ec6cdd7e7338131b3d13f1dda3109f7b4b", "created": "2022-06-01T09:58:24.325Z", "revoked": null}}, {"model": "refresh_token.refreshtoken", "pk": 178, "fields": {"user": 1, "token": "72955979b5e630991d33e4e5f11d172c0e561654", "created": "2022-06-01T09:58:36.134Z", "revoked": "2022-06-01T10:06:50.516Z"}}, {"model": "refresh_token.refreshtoken", "pk": 179, "fields": {"user": 1, "token": "95fc0163f459765f4f994c991a1b55dc0aa87492", "created": "2022-06-01T10:06:50.525Z", "revoked": null}}, {"model": "refresh_token.refreshtoken", "pk": 180, "fields": {"user": 1, "token": "7e9a0760b09bdb834cf73e0e843f9719651e6028", "created": "2022-06-01T10:06:52.241Z", "revoked": null}}, {"model": "refresh_token.refreshtoken", "pk": 181, "fields": {"user": 1, "token": "b33e3fc002f5ea390249b2119b4a45e2928f07cb", "created": "2022-06-01T19:31:40.390Z", "revoked": null}}, {"model": "refresh_token.refreshtoken", "pk": 182, "fields": {"user": 2, "token": "c528b9b9b576efba7e7e8aa285a3a1ab98e4a27c", "created": "2022-06-01T19:35:53.763Z", "revoked": null}}, {"model": "refresh_token.refreshtoken", "pk": 183, "fields": {"user": 1, "token": "9f9370bfea4c34522228c6078b8cd34e014b4e37", "created": "2022-06-01T19:36:03.699Z", "revoked": null}}, {"model": "refresh_token.refreshtoken", "pk": 184, "fields": {"user": 1, "token": "8853dcaa20cbcddbff0b1dea5986f3cd253e70e5", "created": "2022-06-01T19:40:59.526Z", "revoked": null}}, {"model": "refresh_token.refreshtoken", "pk": 185, "fields": {"user": 2, "token": "38805a3951a8ecbb98e32824772b6aa21222a043", "created": "2022-06-01T19:46:00.639Z", "revoked": null}}, {"model": "refresh_token.refreshtoken", "pk": 186, "fields": {"user": 1, "token": "2d96f3c3c70743b951218c08336ebdc4ca20aef3", "created": "2022-06-01T19:46:11.597Z", "revoked": null}}, {"model": "refresh_token.refreshtoken", "pk": 187, "fields": {"user": 1, "token": "2c92bf56678e1f34e59955f9a08016c4be713eb1", "created": "2022-06-02T04:20:24.823Z", "revoked": null}}, {"model": "refresh_token.refreshtoken", "pk": 188, "fields": {"user": 1, "token": "6c8aa86802391abf72b617867ac4788087a49161", "created": "2022-06-02T04:20:31.642Z", "revoked": null}}, {"model": "refresh_token.refreshtoken", "pk": 189, "fields": {"user": 1, "token": "15d9ec83fbb07008b00ff6230bc73d1580e3a790", "created": "2022-06-02T04:20:36.061Z", "revoked": null}}, {"model": "refresh_token.refreshtoken", "pk": 190, "fields": {"user": 1, "token": "af1af7fedc7994cd8f3e79cf6993d4e672780e12", "created": "2022-06-02T04:20:42.992Z", "revoked": "2022-06-02T04:27:45.248Z"}}, {"model": "refresh_token.refreshtoken", "pk": 191, "fields": {"user": 1, "token": "08c84f3772ef6bf2a7a9143367cc72e69b4ab3b3", "created": "2022-06-02T04:27:45.256Z", "revoked": null}}, {"model": "refresh_token.refreshtoken", "pk": 192, "fields": {"user": 1, "token": "305a7bcfd95d1f66d35fd6fb823b1707b61c2f5e", "created": "2022-06-02T05:28:39.268Z", "revoked": "2022-06-02T05:34:22.871Z"}}, {"model": "refresh_token.refreshtoken", "pk": 193, "fields": {"user": 1, "token": "bb61838232de0f6afb1db0861fe8c118acf50206", "created": "2022-06-02T05:34:22.875Z", "revoked": null}}, {"model": "refresh_token.refreshtoken", "pk": 194, "fields": {"user": 1, "token": "80cc96e6f12860c3b14cde2226e9f9cb3bf88101", "created": "2022-06-02T05:34:24.537Z", "revoked": "2022-06-02T05:39:53.271Z"}}, {"model": "refresh_token.refreshtoken", "pk": 195, "fields": {"user": 1, "token": "d3c05778901ab58b1aa458b545adfcc41fcc3107", "created": "2022-06-02T05:39:53.279Z", "revoked": null}}, {"model": "refresh_token.refreshtoken", "pk": 196, "fields": {"user": 1, "token": "fa0635a33b72068fe0b123c906446ad74747d870", "created": "2022-06-02T05:39:58.303Z", "revoked": "2022-06-02T05:45:41.784Z"}}, {"model": "refresh_token.refreshtoken", "pk": 197, "fields": {"user": 1, "token": "79e04e6a41eac0980ce6eebfb3381c890b0688a5", "created": "2022-06-02T05:45:41.788Z", "revoked": null}}, {"model": "refresh_token.refreshtoken", "pk": 198, "fields": {"user": 1, "token": "8f06b657ad22a60b8b31475273a8ecc3c0fb42b1", "created": "2022-06-02T05:45:43.424Z", "revoked": "2022-06-02T06:01:44.452Z"}}, {"model": "refresh_token.refreshtoken", "pk": 199, "fields": {"user": 1, "token": "1af74ea5536a2096b76fe7db009b3e4ef54de74c", "created": "2022-06-02T06:01:44.457Z", "revoked": null}}, {"model": "refresh_token.refreshtoken", "pk": 200, "fields": {"user": 1, "token": "fef2ee5da29045c3a2a5fdb7b33164e22e5b820d", "created": "2022-06-02T06:01:45.940Z", "revoked": "2022-06-02T06:09:17.977Z"}}, {"model": "refresh_token.refreshtoken", "pk": 201, "fields": {"user": 1, "token": "6db66156f1f5366e0cc116ebf84b56de77fe294c", "created": "2022-06-02T06:09:17.982Z", "revoked": null}}, {"model": "refresh_token.refreshtoken", "pk": 202, "fields": {"user": 1, "token": "3a407ffa2f60e7b4ee67125da93957afa2a3ec13", "created": "2022-06-02T06:09:19.378Z", "revoked": "2022-06-02T06:14:44.901Z"}}, {"model": "refresh_token.refreshtoken", "pk": 203, "fields": {"user": 1, "token": "e03790135191e9cf2889f2216457c6ffce9a866f", "created": "2022-06-02T06:14:44.905Z", "revoked": null}}, {"model": "refresh_token.refreshtoken", "pk": 204, "fields": {"user": 1, "token": "056bc5b1db46a943be6b33341fbca5c39bd888a9", "created": "2022-06-02T06:14:46.474Z", "revoked": "2022-06-02T06:21:47.864Z"}}, {"model": "refresh_token.refreshtoken", "pk": 205, "fields": {"user": 1, "token": "7e5960293e02acecd0c0ff5b0b1a172db0d4f269", "created": "2022-06-02T06:21:47.873Z", "revoked": "2022-06-02T06:27:04.777Z"}}, {"model": "refresh_token.refreshtoken", "pk": 206, "fields": {"user": 1, "token": "7fc27c4b515f7c712ef8b219c02ba9364bd10a0d", "created": "2022-06-02T06:27:04.780Z", "revoked": null}}, {"model": "refresh_token.refreshtoken", "pk": 207, "fields": {"user": 1, "token": "872bcb0e3001abcf3cafc3f8048a8b99c8532c43", "created": "2022-06-02T06:27:06.179Z", "revoked": "2022-06-02T06:32:23.670Z"}}, {"model": "refresh_token.refreshtoken", "pk": 208, "fields": {"user": 1, "token": "8d2abec014fbc4ec95ad6b6f1645b3dbb70e9b03", "created": "2022-06-02T06:32:23.673Z", "revoked": null}}, {"model": "refresh_token.refreshtoken", "pk": 209, "fields": {"user": 1, "token": "05f303a2e8aefcaf8461af31f79678155746ef54", "created": "2022-06-02T06:32:25.195Z", "revoked": null}}, {"model": "refresh_token.refreshtoken", "pk": 210, "fields": {"user": 5, "token": "7c1b9bc5dbcaf7f5231cb035078e5590bbfc7ca2", "created": "2022-06-02T06:36:37.396Z", "revoked": null}}, {"model": "refresh_token.refreshtoken", "pk": 211, "fields": {"user": 1, "token": "3f8923cd97c84010573b242f86ce6973fa40493d", "created": "2022-06-02T06:36:52.600Z", "revoked": "2022-06-02T06:42:13.528Z"}}, {"model": "refresh_token.refreshtoken", "pk": 212, "fields": {"user": 1, "token": "e382f0029cf1d4c7e36fe749389265a6a34175bf", "created": "2022-06-02T06:42:13.532Z", "revoked": null}}, {"model": "refresh_token.refreshtoken", "pk": 213, "fields": {"user": 1, "token": "d4bda3d4cf54f9188455913a0816a4c2d9e8be80", "created": "2022-06-02T06:42:14.917Z", "revoked": "2022-06-02T06:47:36.473Z"}}, {"model": "refresh_token.refreshtoken", "pk": 214, "fields": {"user": 1, "token": "567b7d5fa98b95f670ccf098f655bffc57dbc902", "created": "2022-06-02T06:47:36.480Z", "revoked": null}}, {"model": "refresh_token.refreshtoken", "pk": 215, "fields": {"user": 1, "token": "6fda412b148893f82c510ad5490dff63f39db90e", "created": "2022-06-02T06:47:38.147Z", "revoked": "2022-06-02T06:55:12.017Z"}}, {"model": "refresh_token.refreshtoken", "pk": 216, "fields": {"user": 1, "token": "9bbc52769eebd618652be762a213b9fddbbbfec1", "created": "2022-06-02T06:55:12.024Z", "revoked": null}}, {"model": "refresh_token.refreshtoken", "pk": 217, "fields": {"user": 1, "token": "757b5b1b2a8548d2af6c6a8ef09da2ab2c2775d5", "created": "2022-06-02T06:55:13.534Z", "revoked": null}}, {"model": "refresh_token.refreshtoken", "pk": 218, "fields": {"user": 1, "token": "5ed8d568c769e8a29a0c25d0976ee2bc32e25ac0", "created": "2022-06-02T07:00:04.341Z", "revoked": null}}, {"model": "refresh_token.refreshtoken", "pk": 219, "fields": {"user": 1, "token": "c7cb7bf49fd2cc1959735a41bc77c9c116658af4", "created": "2022-06-02T07:00:58.516Z", "revoked": "2022-06-02T07:01:25.300Z"}}, {"model": "refresh_token.refreshtoken", "pk": 220, "fields": {"user": 1, "token": "b414370fdd3f3987731eaca4b9fe62d0ec4a88cb", "created": "2022-06-02T07:01:25.308Z", "revoked": "2022-06-02T07:01:29.126Z"}}, {"model": "refresh_token.refreshtoken", "pk": 221, "fields": {"user": 1, "token": "d0180c1104eae4244c1f20ac76d4842a7f3a00b2", "created": "2022-06-02T07:01:29.129Z", "revoked": "2022-06-02T07:01:43.423Z"}}, {"model": "refresh_token.refreshtoken", "pk": 222, "fields": {"user": 1, "token": "a49763539f7a7e74dc350043b6a9480acb5bc453", "created": "2022-06-02T07:01:43.373Z", "revoked": null}}, {"model": "refresh_token.refreshtoken", "pk": 223, "fields": {"user": 1, "token": "a773bd49e6a0560497d1d49c5417782313680253", "created": "2022-06-02T07:01:43.431Z", "revoked": "2022-06-02T07:01:46.878Z"}}, {"model": "refresh_token.refreshtoken", "pk": 224, "fields": {"user": 1, "token": "d3c2579274968fc3ef139418232838b29c85613b", "created": "2022-06-02T07:01:46.891Z", "revoked": "2022-06-02T07:01:49.308Z"}}, {"model": "refresh_token.refreshtoken", "pk": 225, "fields": {"user": 1, "token": "ffa5b94f6745d118da480f5a4a4c3aa69c4288ad", "created": "2022-06-02T07:01:49.259Z", "revoked": null}}, {"model": "refresh_token.refreshtoken", "pk": 226, "fields": {"user": 1, "token": "e4500242083fc40e0b6211f6126f83aa8e75df31", "created": "2022-06-02T07:01:49.315Z", "revoked": "2022-06-02T07:02:34.432Z"}}, {"model": "refresh_token.refreshtoken", "pk": 227, "fields": {"user": 1, "token": "2a7d59b50066f653082eeed4acfabcac923eb4b7", "created": "2022-06-02T07:02:34.441Z", "revoked": "2022-06-02T07:02:36.243Z"}}, {"model": "refresh_token.refreshtoken", "pk": 228, "fields": {"user": 1, "token": "fc2b87d5359249f877dbeed62fe233e1721f04e2", "created": "2022-06-02T07:02:36.193Z", "revoked": null}}, {"model": "refresh_token.refreshtoken", "pk": 229, "fields": {"user": 1, "token": "1df6f2dea69227e8262652970b7e939709fdc089", "created": "2022-06-02T07:02:36.254Z", "revoked": "2022-06-02T07:02:40.472Z"}}, {"model": "refresh_token.refreshtoken", "pk": 230, "fields": {"user": 1, "token": "545f6e8b8f52ab401dbfa81e82cb112fd22df997", "created": "2022-06-02T07:02:40.481Z", "revoked": "2022-06-02T07:03:08.490Z"}}, {"model": "refresh_token.refreshtoken", "pk": 231, "fields": {"user": 1, "token": "c6d684cc2468fd2626acbf962ead8cb0f293caf0", "created": "2022-06-02T07:03:08.410Z", "revoked": null}}, {"model": "refresh_token.refreshtoken", "pk": 232, "fields": {"user": 1, "token": "d3251e3bb1f03006debf3249dabf69942d60808e", "created": "2022-06-02T07:03:08.497Z", "revoked": "2022-06-02T07:03:11.928Z"}}, {"model": "refresh_token.refreshtoken", "pk": 233, "fields": {"user": 1, "token": "eebbaa79c53fb1acb816449e9245858d9e265fc2", "created": "2022-06-02T07:03:11.937Z", "revoked": "2022-06-02T07:03:46.926Z"}}, {"model": "refresh_token.refreshtoken", "pk": 234, "fields": {"user": 1, "token": "2344019430bc4944d867ce112d16eaf8def05927", "created": "2022-06-02T07:03:46.846Z", "revoked": null}}, {"model": "refresh_token.refreshtoken", "pk": 235, "fields": {"user": 1, "token": "d57a84c0a2e2b0bea2a80da97d7362c923151f66", "created": "2022-06-02T07:03:46.931Z", "revoked": "2022-06-02T07:03:56.236Z"}}, {"model": "refresh_token.refreshtoken", "pk": 236, "fields": {"user": 1, "token": "bf02ddd60694a8899bd2515f912d7fdbe1f328a9", "created": "2022-06-02T07:03:56.245Z", "revoked": "2022-06-02T07:04:01.576Z"}}, {"model": "refresh_token.refreshtoken", "pk": 237, "fields": {"user": 1, "token": "6c234863c9ff608631746f9a09bd4a84d0f2ffe7", "created": "2022-06-02T07:04:01.585Z", "revoked": "2022-06-02T07:04:34.057Z"}}, {"model": "refresh_token.refreshtoken", "pk": 238, "fields": {"user": 1, "token": "a47d9fd0d334756d8e37758c397f0170714ed405", "created": "2022-06-02T07:04:33.980Z", "revoked": null}}, {"model": "refresh_token.refreshtoken", "pk": 239, "fields": {"user": 1, "token": "12fc2bc8b3fec2a199603576c9e27d4108940d92", "created": "2022-06-02T07:04:34.065Z", "revoked": "2022-06-02T07:04:38.380Z"}}, {"model": "refresh_token.refreshtoken", "pk": 240, "fields": {"user": 1, "token": "1de3a8d99ac107ef6cc3c6d224f92d31fc2635e1", "created": "2022-06-02T07:04:38.389Z", "revoked": "2022-06-02T07:04:41.796Z"}}, {"model": "refresh_token.refreshtoken", "pk": 241, "fields": {"user": 1, "token": "c9eda00744981ae8b20b4b5e71db5f540d75bed1", "created": "2022-06-02T07:04:41.746Z", "revoked": null}}, {"model": "refresh_token.refreshtoken", "pk": 242, "fields": {"user": 1, "token": "79b7d4347002f6a9acd0da16438214717a971b69", "created": "2022-06-02T07:04:41.805Z", "revoked": "2022-06-02T07:04:46.330Z"}}, {"model": "refresh_token.refreshtoken", "pk": 243, "fields": {"user": 1, "token": "09c46a6b61a6848207735f445ab3ae154c56c3de", "created": "2022-06-02T07:04:46.334Z", "revoked": "2022-06-02T07:05:32.125Z"}}, {"model": "refresh_token.refreshtoken", "pk": 244, "fields": {"user": 1, "token": "e14da27560fdb3585ccc1a31ff626c913f437c00", "created": "2022-06-02T07:05:32.027Z", "revoked": null}}, {"model": "refresh_token.refreshtoken", "pk": 245, "fields": {"user": 1, "token": "5271be1586a70a94b3b448302640967817a85e37", "created": "2022-06-02T07:05:32.130Z", "revoked": "2022-06-02T07:05:34.028Z"}}, {"model": "refresh_token.refreshtoken", "pk": 246, "fields": {"user": 1, "token": "7d50b7d265f23cdff4a6eff237833b615f97fbfa", "created": "2022-06-02T07:05:34.043Z", "revoked": null}}, {"model": "refresh_token.refreshtoken", "pk": 247, "fields": {"user": 1, "token": "41b1964fe7ccfdd710c0ed65d040b189e9fc57e8", "created": "2022-06-02T07:05:35.946Z", "revoked": "2022-06-02T07:05:37.031Z"}}, {"model": "refresh_token.refreshtoken", "pk": 248, "fields": {"user": 1, "token": "3c9d8c0bdb15aa4903ac59437ecaab225f421ffb", "created": "2022-06-02T07:05:37.048Z", "revoked": null}}, {"model": "refresh_token.refreshtoken", "pk": 249, "fields": {"user": 1, "token": "07ff166c51ee25d9c6f5eeeb4313839fed9922e3", "created": "2022-06-02T07:05:53.719Z", "revoked": "2022-06-02T07:05:57.561Z"}}, {"model": "refresh_token.refreshtoken", "pk": 250, "fields": {"user": 1, "token": "d16c8bec1a9536f023c8c0fa2c98e1639a32af57", "created": "2022-06-02T07:05:57.571Z", "revoked": "2022-06-02T07:07:19.525Z"}}, {"model": "refresh_token.refreshtoken", "pk": 251, "fields": {"user": 1, "token": "c9aeb607676924d4e7972736edf66510c564cafc", "created": "2022-06-02T07:07:19.448Z", "revoked": null}}, {"model": "refresh_token.refreshtoken", "pk": 252, "fields": {"user": 1, "token": "62e6e3b1c92f8d691465ecef42fa49ed1a9595b5", "created": "2022-06-02T07:07:19.534Z", "revoked": "2022-06-02T07:07:27.868Z"}}, {"model": "refresh_token.refreshtoken", "pk": 253, "fields": {"user": 1, "token": "fbe5733dc21f0538d682660d0ccfee029bbad63a", "created": "2022-06-02T07:07:27.872Z", "revoked": null}}, {"model": "refresh_token.refreshtoken", "pk": 254, "fields": {"user": 1, "token": "348bc89463f1aef9ca0260504c91770475f3dc63", "created": "2022-06-02T07:10:34.299Z", "revoked": "2022-06-02T07:10:38.061Z"}}, {"model": "refresh_token.refreshtoken", "pk": 255, "fields": {"user": 1, "token": "0624cbd1e616b444401fe51ec3af8ce104cfc546", "created": "2022-06-02T07:10:38.066Z", "revoked": "2022-06-02T07:10:40.826Z"}}, {"model": "refresh_token.refreshtoken", "pk": 256, "fields": {"user": 1, "token": "a0c8d5900d3de83998fa696823e367473e6944b6", "created": "2022-06-02T07:10:40.768Z", "revoked": null}}, {"model": "refresh_token.refreshtoken", "pk": 257, "fields": {"user": 1, "token": "4ee4ffa6af1b2f4a02bd31f16e7e447a43f4e380", "created": "2022-06-02T07:10:40.839Z", "revoked": "2022-06-02T07:10:42.934Z"}}, {"model": "refresh_token.refreshtoken", "pk": 258, "fields": {"user": 1, "token": "bde7923c9422ebc1f6773e75e34e6504c8d711e7", "created": "2022-06-02T07:10:42.942Z", "revoked": null}}, {"model": "refresh_token.refreshtoken", "pk": 259, "fields": {"user": 1, "token": "20fb39c3d7d5d31c3031a22b0531178ba5ce2496", "created": "2022-06-02T07:10:44.846Z", "revoked": "2022-06-02T07:13:37.790Z"}}, {"model": "refresh_token.refreshtoken", "pk": 260, "fields": {"user": 1, "token": "9993205cbe4841766961e44630b4aea298acf9e7", "created": "2022-06-02T07:13:37.799Z", "revoked": "2022-06-02T07:13:57.050Z"}}, {"model": "refresh_token.refreshtoken", "pk": 261, "fields": {"user": 1, "token": "6d51b6769e48a71f017759fe1510dcca9b544e43", "created": "2022-06-02T07:13:56.936Z", "revoked": null}}, {"model": "refresh_token.refreshtoken", "pk": 262, "fields": {"user": 1, "token": "caf427d5707374a23849e2736d091be634e9cbe7", "created": "2022-06-02T07:13:57.069Z", "revoked": null}}, {"model": "users.user", "pk": 1, "fields": {"password": "pbkdf2_sha256$320000$r0RkZPuZCfgE1tqBAiVAN4$er3P740eSFoViFvE3gdnJA7nDj/X4ed5F6jP9ZbPjrc=", "last_login": "2022-06-01T03:12:50.483Z", "is_superuser": true, "is_staff": true, "is_active": true, "date_joined": "2022-05-30T10:04:16.214Z", "email": "ew2664@columbia.edu", "first_name": "Ethan", "last_name": "Wu", "phone": null, "groups": [], "user_permissions": []}}, {"model": "users.user", "pk": 2, "fields": {"password": "pbkdf2_sha256$320000$7xFzdFHAXGTXFGhhlsozFs$9IKAskyDOJAyBAAgVYEblKbhF6VhWmq1CWVqpKny5F4=", "last_login": "2022-05-30T16:38:41.181Z", "is_superuser": false, "is_staff": true, "is_active": true, "date_joined": "2022-05-30T10:16:36.991Z", "email": "cw3223@columbia.edu", "first_name": "Catelen", "last_name": "Wu", "phone": "+19172513789", "groups": [], "user_permissions": []}}, {"model": "users.user", "pk": 3, "fields": {"password": "pbkdf2_sha256$320000$DwJ1j9yPAG9hkgGh5uPCbL$TXzUep6DGDpfxdHJrKtsuIigt2G0c9UivTKAYc2salE=", "last_login": null, "is_superuser": false, "is_staff": false, "is_active": true, "date_joined": "2022-05-30T10:17:20.859Z", "email": "ct2961@barnard.edu", "first_name": "Cindy", "last_name": "Tsang", "phone": "+16177336162", "groups": [], "user_permissions": []}}, {"model": "users.user", "pk": 4, "fields": {"password": "pbkdf2_sha256$320000$IJakRAd7ZMErvgdnJ6PtP6$uFNxEB0h4aojtIZN6DTCk48qV2N51ngQcg+FKWgYVdQ=", "last_login": null, "is_superuser": false, "is_staff": false, "is_active": true, "date_joined": "2022-05-30T10:17:52.041Z", "email": "kz2417@columbia.edu", "first_name": "Kenny", "last_name": "Zhu", "phone": "+14025251452", "groups": [], "user_permissions": []}}, {"model": "users.user", "pk": 5, "fields": {"password": "pbkdf2_sha256$320000$v6GsfpF4s7Tns8AcPDP7ak$OdV078rrsmn6YRUkbxjegB4hOy7vhNTgKA6F0McnRkg=", "last_login": null, "is_superuser": false, "is_staff": false, "is_active": true, "date_joined": "2022-05-30T10:18:26.195Z", "email": "su2244@columbia.edu", "first_name": "Stivie", "last_name": "Uribe", "phone": "+16267340062", "groups": [], "user_permissions": []}}, {"model": "show_manager.member", "pk": 1, "fields": {"user": 1, "membership": "B"}}, {"model": "show_manager.member", "pk": 2, "fields": {"user": 2, "membership": "G"}}, {"model": "show_manager.member", "pk": 3, "fields": {"user": 3, "membership": "B"}}, {"model": "show_manager.member", "pk": 4, "fields": {"user": 4, "membership": "G"}}, {"model": "show_manager.member", "pk": 5, "fields": {"user": 5, "membership": "G"}}, {"model": "show_manager.show", "pk": 1, "fields": {"name": "Brooklyn Conservatory of Music", "date": "2022-02-05", "time": "15:30:00", "address": "58 7th Ave, Brooklyn, NY 11217", "is_campus": false, "lions": 1, "point": 3, "contact": null, "is_published": true, "is_open": true, "priority": 3}}, {"model": "show_manager.show", "pk": 2, "fields": {"name": "Zero Bond", "date": "2022-02-05", "time": "21:00:00", "address": "0 Bond Street, New York, NY 10012", "is_campus": false, "lions": 1, "point": 5, "contact": 1, "is_published": true, "is_open": true, "priority": 2}}, {"model": "show_manager.show", "pk": 3, "fields": {"name": "CSSA Lunar Gala", "date": "2022-02-12", "time": "18:00:00", "address": "Miller Theatre", "is_campus": true, "lions": 2, "point": 1, "contact": null, "is_published": true, "is_open": true, "priority": 2}}, {"model": "show_manager.show", "pk": 4, "fields": {"name": "AAA Gala", "date": "2022-04-28", "time": "18:00:00", "address": "Diana Event Oval", "is_campus": false, "lions": 2, "point": 3, "contact": 2, "is_published": true, "is_open": true, "priority": 1}}, {"model": "show_manager.show", "pk": 5, "fields": {"name": "International House", "date": "2022-02-04", "time": "18:30:00", "address": "500 Riverside Dr, New York, NY 10027", "is_campus": true, "lions": 3, "point": 1, "contact": 4, "is_published": true, "is_open": true, "priority": 2}}, {"model": "show_manager.show", "pk": 6, "fields": {"name": "Speyer School", "date": "2022-02-04", "time": "14:30:00", "address": "925 9th Avenue, New York, NY", "is_campus": false, "lions": 2, "point": 4, "contact": 3, "is_published": true, "is_open": true, "priority": 2}}, {"model": "show_manager.show", "pk": 7, "fields": {"name": "NSOP Showcase", "date": "2021-09-05", "time": "19:30:00", "address": "Roone Arledge Auditorium", "is_campus": true, "lions": 2, "point": 1, "contact": 6, "is_published": true, "is_open": false, "priority": 2}}, {"model": "show_manager.show", "pk": 8, "fields": {"name": "Wushu x Lion Dance", "date": "2021-10-22", "time": "19:00:00", "address": "College Walk", "is_campus": true, "lions": 5, "point": 1, "contact": null, "is_published": true, "is_open": false, "priority": 1}}, {"model": "show_manager.show", "pk": 9, "fields": {"name": "CSC Night Market", "date": "2021-11-05", "time": "20:00:00", "address": "Ancell Plaza", "is_campus": true, "lions": 5, "point": 1, "contact": 5, "is_published": true, "is_open": false, "priority": 1}}, {"model": "show_manager.show", "pk": 10, "fields": {"name": "AFA Martial Arts", "date": "2021-11-06", "time": "12:00:00", "address": "409 Howard Blvd, Mt Arlington, NJ 07856", "is_campus": false, "lions": 1, "point": 3, "contact": 8, "is_published": true, "is_open": false, "priority": 1}}, {"model": "show_manager.show", "pk": 11, "fields": {"name": "TASA Interboard", "date": "2021-11-07", "time": "19:00:00", "address": "Lerner 555", "is_campus": true, "lions": 1, "point": 1, "contact": 9, "is_published": true, "is_open": true, "priority": 2}}, {"model": "show_manager.show", "pk": 12, "fields": {"name": "Sifu Tony Visit", "date": "2021-12-18", "time": "12:30:00", "address": "87 Bowery 5F, New York, NY 10002", "is_campus": false, "lions": 2, "point": 1, "contact": null, "is_published": true, "is_open": true, "priority": 1}}, {"model": "show_manager.show", "pk": 13, "fields": {"name": "Montessori Flatiron", "date": "2022-02-01", "time": "15:00:00", "address": "5 W 22nd St, New York, NY 10010", "is_campus": false, "lions": 1, "point": null, "contact": 10, "is_published": true, "is_open": true, "priority": 3}}, {"model": "show_manager.show", "pk": 14, "fields": {"name": "Stimson Center", "date": "2022-02-03", "time": "18:30:00", "address": "3 World Trade Center 38th floor for Industrious", "is_campus": false, "lions": 1, "point": null, "contact": 11, "is_published": true, "is_open": true, "priority": 3}}, {"model": "show_manager.show", "pk": 15, "fields": {"name": "International Academy of NYC", "date": "2022-02-04", "time": "09:00:00", "address": "4 East 90th Street, New York, NY 10128", "is_campus": false, "lions": 1, "point": null, "contact": null, "is_published": true, "is_open": true, "priority": 3}}, {"model": "show_manager.round", "pk": 4, "fields": {"show": 1, "time": "15:30:00"}}, {"model": "show_manager.round", "pk": 5, "fields": {"show": 1, "time": "16:30:00"}}, {"model": "show_manager.round", "pk": 6, "fields": {"show": 2, "time": "21:00:00"}}, {"model": "show_manager.round", "pk": 7, "fields": {"show": 3, "time": "18:00:00"}}, {"model": "show_manager.round", "pk": 8, "fields": {"show": 4, "time": "18:00:00"}}, {"model": "show_manager.round", "pk": 9, "fields": {"show": 5, "time": "18:30:00"}}, {"model": "show_manager.round", "pk": 10, "fields": {"show": 6, "time": "14:30:00"}}, {"model": "show_manager.round", "pk": 11, "fields": {"show": 7, "time": "19:30:00"}}, {"model": "show_manager.round", "pk": 12, "fields": {"show": 8, "time": "19:00:00"}}, {"model": "show_manager.round", "pk": 13, "fields": {"show": 8, "time": "19:15:00"}}, {"model": "show_manager.round", "pk": 14, "fields": {"show": 9, "time": "20:00:00"}}, {"model": "show_manager.round", "pk": 15, "fields": {"show": 10, "time": "12:00:00"}}, {"model": "show_manager.round", "pk": 16, "fields": {"show": 11, "time": "19:00:00"}}, {"model": "show_manager.round", "pk": 17, "fields": {"show": 12, "time": "12:30:00"}}, {"model": "show_manager.round", "pk": 18, "fields": {"show": 13, "time": "15:00:00"}}, {"model": "show_manager.round", "pk": 19, "fields": {"show": 14, "time": "18:30:00"}}, {"model": "show_manager.round", "pk": 20, "fields": {"show": 15, "time": "09:00:00"}}, {"model": "show_manager.role", "pk": 2, "fields": {"show": 6, "performer": 5, "role": ""}}, {"model": "show_manager.role", "pk": 3, "fields": {"show": 2, "performer": 4, "role": ""}}, {"model": "show_manager.role", "pk": 4, "fields": {"show": 2, "performer": 3, "role": ""}}, {"model": "show_manager.role", "pk": 5, "fields": {"show": 3, "performer": 5, "role": ""}}, {"model": "show_manager.role", "pk": 6, "fields": {"show": 1, "performer": 4, "role": ""}}, {"model": "show_manager.role", "pk": 9, "fields": {"show": 3, "performer": 2, "role": ""}}, {"model": "show_manager.role", "pk": 10, "fields": {"show": 4, "performer": 2, "role": ""}}, {"model": "show_manager.role", "pk": 21, "fields": {"show": 3, "performer": 1, "role": ""}}, {"model": "show_manager.role", "pk": 22, "fields": {"show": 5, "performer": 3, "role": ""}}, {"model": "show_manager.role", "pk": 24, "fields": {"show": 6, "performer": 4, "role": ""}}, {"model": "show_manager.role", "pk": 25, "fields": {"show": 5, "performer": 4, "role": ""}}, {"model": "show_manager.role", "pk": 26, "fields": {"show": 5, "performer": 5, "role": ""}}, {"model": "show_manager.role", "pk": 27, "fields": {"show": 1, "performer": 3, "role": ""}}, {"model": "show_manager.role", "pk": 28, "fields": {"show": 2, "performer": 2, "role": ""}}, {"model": "show_manager.role", "pk": 29, "fields": {"show": 2, "performer": 5, "role": ""}}, {"model": "show_manager.role", "pk": 30, "fields": {"show": 3, "performer": 3, "role": ""}}, {"model": "show_manager.role", "pk": 32, "fields": {"show": 4, "performer": 1, "role": ""}}, {"model": "show_manager.role", "pk": 33, "fields": {"show": 4, "performer": 3, "role": ""}}, {"model": "show_manager.role", "pk": 34, "fields": {"show": 4, "performer": 4, "role": ""}}, {"model": "show_manager.role", "pk": 39, "fields": {"show": 6, "performer": 3, "role": ""}}, {"model": "show_manager.role", "pk": 40, "fields": {"show": 4, "performer": 5, "role": ""}}, {"model": "show_manager.role", "pk": 41, "fields": {"show": 7, "performer": 1, "role": ""}}, {"model": "show_manager.role", "pk": 42, "fields": {"show": 7, "performer": 3, "role": ""}}, {"model": "show_manager.role", "pk": 43, "fields": {"show": 7, "performer": 5, "role": ""}}, {"model": "show_manager.role", "pk": 45, "fields": {"show": 5, "performer": 1, "role": ""}}, {"model": "show_manager.role", "pk": 46, "fields": {"show": 8, "performer": 1, "role": ""}}, {"model": "show_manager.role", "pk": 47, "fields": {"show": 8, "performer": 2, "role": ""}}, {"model": "show_manager.role", "pk": 48, "fields": {"show": 8, "performer": 3, "role": ""}}, {"model": "show_manager.role", "pk": 49, "fields": {"show": 8, "performer": 4, "role": ""}}, {"model": "show_manager.role", "pk": 50, "fields": {"show": 8, "performer": 5, "role": ""}}, {"model": "show_manager.role", "pk": 51, "fields": {"show": 9, "performer": 1, "role": ""}}, {"model": "show_manager.role", "pk": 52, "fields": {"show": 9, "performer": 2, "role": ""}}, {"model": "show_manager.role", "pk": 53, "fields": {"show": 9, "performer": 3, "role": ""}}, {"model": "show_manager.role", "pk": 54, "fields": {"show": 9, "performer": 4, "role": ""}}, {"model": "show_manager.role", "pk": 55, "fields": {"show": 9, "performer": 5, "role": ""}}, {"model": "show_manager.role", "pk": 56, "fields": {"show": 10, "performer": 3, "role": ""}}, {"model": "show_manager.role", "pk": 57, "fields": {"show": 10, "performer": 4, "role": ""}}, {"model": "show_manager.role", "pk": 58, "fields": {"show": 11, "performer": 1, "role": ""}}, {"model": "show_manager.role", "pk": 59, "fields": {"show": 11, "performer": 5, "role": ""}}, {"model": "show_manager.role", "pk": 61, "fields": {"show": 12, "performer": 1, "role": ""}}, {"model": "show_manager.role", "pk": 62, "fields": {"show": 12, "performer": 3, "role": ""}}, {"model": "show_manager.role", "pk": 63, "fields": {"show": 12, "performer": 4, "role": ""}}, {"model": "show_manager.role", "pk": 64, "fields": {"show": 15, "performer": 4, "role": ""}}, {"model": "show_manager.contact", "pk": 1, "fields": {"first_name": "Matthew", "last_name": "Roulan", "phone": "+15616545189", "email": ""}}, {"model": "show_manager.contact", "pk": 2, "fields": {"first_name": "Mia", "last_name": "Kuromaru", "phone": "+18088889368", "email": ""}}, {"model": "show_manager.contact", "pk": 3, "fields": {"first_name": "Dakota", "last_name": "Martin", "phone": "+19147089312", "email": ""}}, {"model": "show_manager.contact", "pk": 4, "fields": {"first_name": "Yiwen", "last_name": "Liu", "phone": "+15184214956", "email": ""}}, {"model": "show_manager.contact", "pk": 5, "fields": {"first_name": "Mirabella", "last_name": "Chau", "phone": null, "email": "mc4591@barnard.edu"}}, {"model": "show_manager.contact", "pk": 6, "fields": {"first_name": "Zane", "last_name": "Bekheet", "phone": null, "email": "znb2102@columbia.edu"}}, {"model": "show_manager.contact", "pk": 8, "fields": {"first_name": "Michael", "last_name": "Celeste", "phone": "+19084060680", "email": ""}}, {"model": "show_manager.contact", "pk": 9, "fields": {"first_name": "Stivie", "last_name": "Uribe", "phone": "+16267340062", "email": ""}}, {"model": "show_manager.contact", "pk": 10, "fields": {"first_name": "Teresa", "last_name": "Lin", "phone": "+13104035818", "email": ""}}, {"model": "show_manager.contact", "pk": 11, "fields": {"first_name": "Shin Mon", "last_name": "Nanda", "phone": "+16464774512", "email": ""}}]